100.10988173582389
100.11224986962681
100.10808484508102
100.10392008374122
100.0908024186693
100.07768431211686
100.06456576403944
100.05144677439185
100.03832734312962
100.02520747020795
100.01208715558207
99.99896639920692
99.98584520103805
99.97272356103062
99.9596014791396
99.94647895532017
99.9333559895276
99.92023258171739
99.90710873184402
99.89398443986317
99.88085970572992
99.8677345293991
99.85460891082616
99.84802052892556
99.84796954892556
99.84791856892556
99.84786758892557
99.84781660892556
99.84776562892556
99.84771464892556
99.84766366892556
99.84761268892557
99.84756170892555
99.84751072892556
99.84745974892556
99.84740876892556
99.84735778892556
99.84730680892557
99.84725582892555
99.84720484892556
99.84715386892556
99.84710288892556
99.84705190892556
99.84700092892557
99.84694994892556
99.84689896892556
99.84684798892556
99.84679700892556
99.84674602892557
99.84669504892555
99.84664406892556
99.84659308892556
99.84654210892556
99.84649112892556
99.84644014892557
99.84638916892555
99.84633818892556
99.84628720892556
99.84623622892556
99.84618524892556
99.84613426892555
99.84608328892556
99.84603230892556
99.84598132892556
99.84593034892556
99.84587936892557
99.84582838892555
99.84577740892556
99.84572642892556
99.84567544892556
99.84562446892556
99.84557348892557
99.84552250892555
99.84547152892556
99.84542054892556
99.84536956892556
99.84531858892556
99.84526760892555
99.84521662892556
99.84516564892556
99.84511466892556
99.84506368892556
99.84501270892557
99.84496172892555
99.84491074892556
99.84485976892556
99.84480878892556
99.84475780892556
99.84470682892557
99.84465584892556
99.84460486892556
99.84455388892556
99.84450290892556
99.84445192892557
99.84440094892555
99.84434996892556
99.84429898892556
99.84424800892556
99.84419702892556
99.84414604892557
99.84409506892555
99.84404408892556
99.84399310892556
99.84394212892556
99.84389114892556
99.85281748855954
99.86174295090515
99.87066753603898
99.87959124403768
99.8795402640376
99.8794892840376
99.87943830403759
99.8793873240376
99.8793363440376
99.8792853640376
99.8792343840376
99.8791834040376
99.87913242403759
99.8790814440376
99.8790304640376
99.8789794840376
99.8789285040376
99.8788775240376
99.8788265440376
99.8787755640376
99.8787245840376
99.8786736040376
99.8786226240376
99.87857164403759
99.8785206640376
99.8784696840376
99.8784187040376
99.8783677240376
99.8783167440376
99.8782657640376
99.8782147840376
99.8781638040376
99.8781128240376
99.8780618440376
99.87801086403759
99.8779598840376
99.8779089040376
99.8778579240376
99.8778069440376
99.8777559640376
99.87770498403759
99.8776540040376
99.8776030240376
99.8775520440376
99.8775010640376
99.8774500840376
99.8773991040376
99.8773481240376
99.8772971440376
99.8772461640376
99.8771951840376
99.87714420403759
99.8770932240376
99.8770422440376
99.8769912640376
99.8769402840376
99.8768893040376
99.87683832403759
99.8767873440376
99.8767363640376
99.8766853840376
99.8766344040376
99.8765834240376
99.8765324440376
99.8764814640376
99.8764304840376
99.8763795040376
99.8763285240376
99.87627754403759
99.8762265640376
99.8761755840376
99.8761246040376
99.8760736240376
99.8760226440376
99.87597166403759
99.8759206840376
99.8758697040376
99.8758187240376
99.8757677440376
99.8757167640376
99.8756657840376
99.8756148040376
99.8755638240376
99.8755128440376
99.8754618640376
99.87541088403759
99.8753599040376
99.8753089240376
99.8752579440376
99.8752069640376
99.8751559840376
99.8751050040376
99.8750540240376
99.8750030440376
99.8749520640376
99.8749010840376
99.87485010403759
99.8747991240376
99.8747481440376
99.8746971640376
99.8746461840376
99.8745952040376
99.87454422403759
99.8744932440376
99.8744422640376
99.88336509497789
99.89228704893613
99.90120812598903
99.91012832621308
99.91007734621316
99.91002636621316
99.90997538621316
99.90992440621316
99.90987342621315
99.90982244621316
99.90977146621316
99.90972048621316
99.90966950621316
99.90961852621317
99.90956754621315
99.90951656621316
99.90946558621316
99.90941460621316
99.90936362621316
99.90931264621317
99.90926166621315
99.90921068621316
99.90915970621316
99.90910872621316
99.90905774621316
99.90900676621315
99.90895578621316
99.90890480621316
99.90885382621316
99.90880284621316
99.90875186621317
99.90870088621315
99.90864990621316
99.90859892621316
99.90854794621316
99.90849696621316
99.90844598621317
99.90839500621315
99.90834402621316
99.90829304621316
99.90824206621316
99.90819108621317
99.90814010621315
99.90808912621316
99.90803814621316
99.90798716621316
99.90793618621316
99.90788520621317
99.90783422621315
99.90778324621316
99.90773226621316
99.90768128621316
99.90763030621316
99.90757932621317
99.90752834621316
99.90747736621316
99.90742638621316
99.90737540621316
99.90732442621317
99.90727344621315
99.90722246621316
99.90717148621316
99.90712050621316
99.90706952621316
99.90701854621317
99.90696756621315
99.90691658621316
99.90686560621316
99.90681462621316
99.90676364621316
99.90671266621315
99.90666168621316
99.90661070621316
99.90655972621316
99.90650874621316
99.90645776621317
99.90640678621315
99.90635580621316
99.90630482621316
99.90625384621316
99.90620286621316
99.90615188621317
99.90610090621315
99.90604992621316
99.90599894621316
99.90594796621316
99.90589698621316
99.90584600621315
99.90579502621316
99.90574404621316
99.90569306621316
99.90564208621316
99.90559110621317
99.90554012621315
99.90548914621316
99.90543816621316
99.90538718621316
99.90533620621316
99.90528522621317
99.90523424621315
99.90518326621316
99.90513228621316
99.90508130621316
99.90503032621316
99.90497934621315
99.9138986696851
99.92281711648134
99.93173468667851
99.94065138035302
99.94060040035299
99.94054942035298
99.94049844035298
99.94044746035298
99.94039648035299
99.94034550035299
99.94029452035299
99.94024354035298
99.94019256035298
99.94014158035299
99.94009060035299
99.94003962035299
99.93998864035298
99.93993766035298
99.93988668035298
99.93983570035299
99.93978472035299
99.93973374035299
99.93968276035298
99.93963178035298
99.93958080035299
99.93952982035299
99.93947884035299
99.93942786035298
99.93937688035298
99.93932590035298
99.93927492035299
99.93922394035299
99.93917296035299
99.93912198035298
99.93907100035298
99.93902002035298
99.93896904035299
99.93891806035299
99.93886708035299
99.93881610035298
99.93876512035298
99.93871414035299
99.93866316035299
99.93861218035299
99.93856120035298
99.93851022035298
99.93845924035298
99.93840826035299
99.93835728035299
99.93830630035299
99.93825532035298
99.93820434035298
99.93815336035298
99.93810238035299
99.93805140035299
99.93800042035299
99.93794944035298
99.93789846035298
99.93784748035299
99.93779650035299
99.93774552035299
99.93769454035298
99.93764356035298
99.93759258035298
99.93754160035299
99.93749062035299
99.93743964035299
99.93738866035298
99.93733768035298
99.93728670035298
99.93723572035299
99.93718474035299
99.93713376035299
99.93708278035298
99.93703180035298
99.93698082035299
99.93692984035299
99.93687886035299
99.93682788035298
99.93677690035298
99.93672592035298
99.93667494035299
99.93662396035299
99.93657298035299
99.93652200035298
99.93647102035298
99.93642004035298
99.93636906035299
99.93631808035299
99.93626710035299
99.93621612035298
99.93616514035298
99.93611416035299
99.93606318035299
99.93601220035299
99.93596122035298
99.93591024035298
99.93585926035298
99.93580828035299
99.93575730035299
99.93570632035299
99.93565534035298
99.93560436035298
99.93555338035299
99.93550240035299
99.9444182175814
99.95333315844007
99.96224722300553
99.97116041135425
99.97110943135425
99.97105845135425
99.97100747135426
99.97095649135424
99.97090551135425
99.97085453135425
99.97080355135425
99.97075257135425
99.97070159135426
99.97065061135424
99.97059963135425
99.97054865135425
99.97049767135425
99.97044669135425
99.97039571135424
99.97034473135425
99.97029375135425
99.97024277135425
99.97019179135425
99.97014081135426
99.97008983135424
99.97003885135425
99.96998787135425
99.96993689135425
99.96988591135425
99.96983493135426
99.96978395135424
99.96973297135425
99.96968199135425
99.96963101135425
99.96958003135425
99.96952905135424
99.96947807135425
99.96942709135425
99.96937611135425
99.96932513135425
99.96927415135426
99.96922317135424
99.96917219135425
99.96912121135425
99.96907023135425
99.96901925135425
99.96896827135426
99.96891729135424
99.96886631135425
99.96881533135425
99.96876435135425
99.96871337135426
99.96866239135424
99.96861141135425
99.96856043135425
99.96850945135425
99.96845847135425
99.96840749135426
99.96835651135424
99.96830553135425
99.96825455135425
99.96820357135425
99.96815259135425
99.96810161135424
99.96805063135425
99.96799965135425
99.96794867135425
99.96789769135425
99.96784671135426
99.96779573135424
99.96774475135425
99.96769377135425
99.96764279135425
99.96759181135425
99.96754083135426
99.96748985135424
99.96743887135425
99.96738789135425
99.96733691135425
99.96728593135425
99.96723495135424
99.96718397135425
99.96713299135425
99.96708201135425
99.96703103135425
99.96698005135426
99.96692907135424
99.96687809135425
99.96682711135425
99.96677613135425
99.96672515135425
99.96667417135426
99.96662319135424
99.96657221135425
99.96652123135425
99.96647025135425
99.96641927135425
99.96636829135424
99.96631731135425
99.96626633135425
99.96621535135425
99.96616437135425
99.96611339135426
99.96606241135424
99.96601143135425
99.97492374356264
99.98383517970704
99.99274573986403
100.00165542410996
100.00160444410999
100.00155346410999
100.00150248410999
100.00145150411
100.00140052411
100.00134954410998
100.00129856410999
100.00124758410999
100.00119660410999
100.00114562411
100.00109464411
100.00104366410999
100.00099268410999
100.00094170410999
100.00089072411
100.00083974411
100.00078876410998
100.00073778410999
100.00068680410999
100.00063582410999
100.00058484411
100.00053386411
100.00048288410999
100.00043190410999
100.00038092410999
100.00032994410999
100.00027896411
100.00022798411
100.00017700410999
100.00012602410999
100.00007504410999
100.00002406411
99.99997308411
99.99992210410998
99.99987112410999
99.99982014410999
99.99976916410999
99.99971818411
99.99966720411
99.99961622410999
99.99956524410999
99.99951426410999
99.99946328410999
99.99941230411
99.99936132411
99.99931034410999
99.99925936410999
99.99920838410999
99.99915740411
99.99910642411
99.99905544410998
99.99900446410999
99.99895348410999
99.99890250410999
99.99885152411
99.99880054411
99.99874956410999
99.99869858410999
99.99864760410999
99.99859662411
99.99854564411
99.99849466411
99.99844368410999
99.99839270410999
99.99834172410999
99.99829074411
99.99823976411
99.99818878410998
99.99813780410999
99.99808682410999
99.99803584410999
99.99798486411
99.99793388411
99.99788290410999
99.99783192410999
99.99778094410999
99.99772996411
99.99767898411
99.99762800411
99.99757702410999
99.99752604410999
99.99747506410999
99.99742408411
99.99737310411
99.99732212410998
99.99727114410999
99.99722016410999
99.99716918410999
99.99711820411
99.99706722411
99.99701624410999
99.99696526410999
99.99691428410999
99.99686330411
99.99681232411
99.99676134410998
99.99671036410999
99.99665938410999
99.99660840410999
99.99655742411
99.99650644411
100.00541525252109
100.01432318517386
100.02323024214458
100.03213642350954
100.03208544350946
100.03203446350946
100.03198348350945
100.03193250350945
100.03188152350945
100.03183054350946
100.03177956350946
100.03172858350945
100.03167760350945
100.03162662350945
100.03157564350946
100.03152466350946
100.03147368350946
100.03142270350945
100.03137172350945
100.03132074350945
100.03126976350946
100.03121878350946
100.03116780350946
100.03111682350945
100.03106584350945
100.03101486350945
100.03096388350946
100.03091290350946
100.03086192350945
100.03081094350945
100.03075996350945
100.03070898350946
100.03065800350946
100.03060702350946
100.03055604350945
100.03050506350945
100.03045408350945
100.03040310350946
100.03035212350946
100.03030114350946
100.03025016350945
100.03019918350945
100.03014820350946
100.03009722350946
100.03004624350946
100.02999526350945
100.02994428350945
100.02989330350945
100.02984232350946
100.02979134350946
100.02974036350946
100.02968938350945
100.02963840350945
100.02958742350945
100.02953644350946
100.02948546350946
100.02943448350945
100.02938350350945
100.02933252350945
100.02928154350946
100.02923056350946
100.02917958350946
100.02912860350945
100.02907762350945
100.02902664350945
100.02897566350946
100.02892468350946
100.02887370350946
100.02882272350945
100.02877174350945
100.02872076350945
100.02866978350946
100.02861880350946
100.02856782350945
100.02851684350945
100.02846586350945
100.02841488350946
100.02836390350946
100.02831292350946
100.02826194350945
100.02821096350945
100.02815998350945
100.02810900350946
100.02805802350946
100.02800704350946
100.02795606350945
100.02790508350945
100.02785410350945
100.02780312350946
100.02775214350946
100.02770116350945
100.02765018350945
100.02759920350945
100.02754822350946
100.02749724350946
100.02744626350946
100.02739528350945
100.02734430350945
100.02729332350945
100.02724234350946
100.02719136350946
100.02714038350946
100.02708940350945
100.02703842350945
100.02698744350946
100.03589274934505
100.04479717972755
100.05370073473321
100.06260341443827
100.06255243443812
100.06250145443812
100.06245047443812
100.06239949443813
100.06234851443811
100.06229753443812
100.06224655443812
100.06219557443812
100.06214459443812
100.06209361443813
100.06204263443811
100.06199165443812
100.06194067443812
100.06188969443812
100.06183871443812
100.06178773443811
100.06173675443812
100.06168577443812
100.06163479443812
100.06158381443812
100.06153283443813
100.06148185443811
100.06143087443812
100.06137989443812
100.06132891443812
100.06127793443812
100.06122695443811
100.06117597443811
100.06112499443812
100.06107401443812
100.06102303443812
100.06097205443812
100.06092107443811
100.06087009443812
100.06081911443812
100.06076813443812
100.06071715443812
100.06066617443813
100.06061519443811
100.06056421443812
100.06051323443812
100.06046225443812
100.06041127443812
100.06036029443811
100.06030931443811
100.06025833443812
100.06020735443812
100.06015637443812
100.06010539443812
100.06005441443811
100.06000343443812
100.05995245443812
100.05990147443812
100.05985049443812
100.05979951443813
100.05974853443811
100.05969755443812
100.05964657443812
100.05959559443812
100.05954461443812
100.05949363443811
100.05944265443812
100.05939167443812
100.05934069443812
100.05928971443812
100.05923873443813
100.05918775443811
100.05913677443812
100.05908579443812
100.05903481443812
100.05898383443812
100.05893285443813
100.05888187443811
100.05883089443812
100.05877991443812
100.05872893443812
100.05867795443812
100.05862697443811
100.05857599443812
100.05852501443812
100.05847403443812
100.05842305443812
100.05837207443813
100.05832109443811
100.05827011443812
100.05821913443812
100.05816815443812
100.05811717443812
100.05806619443811
100.05801521443811
100.05796423443812
100.05791325443812
100.05786227443812
100.05781129443812
100.05776031443811
100.05770933443812
100.05765835443812
100.05760737443812
100.05755639443812
100.05750541443813
100.05745443443811
100.06635623891903
100.0752571682516
100.08415722251239
100.09305640177759
100.09300542177759
100.0929544417776
100.0929034617776
100.0928524817776
100.0928015017776
100.0927505217776
100.09269954177759
100.0926485617776
100.0925975817776
100.0925466017776
100.0924956217776
100.0924446417776
100.09239366177759
100.0923426817776
100.0922917017776
100.0922407217776
100.0921897417776
100.09213876177759
100.0920877817776
100.0920368017776
100.0919858217776
100.0919348417776
100.0918838617776
100.09183288177759
100.0917819017776
100.0917309217776
100.0916799417776
100.0916289617776
100.0915779817776
100.09152700177759
100.0914760217776
100.0914250417776
100.0913740617776
100.0913230817776
100.09127210177759
100.0912211217776
100.0911701417776
100.0911191617776
100.0910681817776
100.0910172017776
100.09096622177759
100.0909152417776
100.0908642617776
100.0908132817776
100.0907623017776
100.0907113217776
100.09066034177759
100.0906093617776
100.0905583817776
100.0905074017776
100.0904564217776
100.09040544177759
100.0903544617776
100.0903034817776
100.0902525017776
100.0902015217776
100.0901505417776
100.09009956177759
100.0900485817776
100.0899976017776
100.0899466217776
100.0898956417776
100.08984466177759
100.08979368177759
100.0897427017776
100.0896917217776
100.0896407417776
100.0895897617776
100.08953878177759
100.0894878017776
100.0894368217776
100.0893858417776
100.0893348617776
100.0892838817776
100.08923290177759
100.0891819217776
100.0891309417776
100.0890799617776
100.0890289817776
100.08897800177759
100.0889270217776
100.0888760417776
100.0888250617776
100.0887740817776
100.0887231017776
100.08867212177759
100.0886211417776
100.0885701617776
100.0885191817776
100.0884682017776
100.0884172217776
100.08836624177759
100.0883152617776
100.0882642817776
100.0882133017776
100.0881623217776
100.08811134177759
100.0880603617776
100.0880093817776
100.0879584017776
100.0879074217776
100.09680572612338
100.10570315562573
100.114599710361
100.1234953904052
100.12344441040514
100.12339343040514
100.12334245040515
100.12329147040514
100.12324049040514
100.12318951040514
100.12313853040514
100.12308755040515
100.12303657040513
100.12298559040514
100.12293461040514
100.12288363040514
100.12283265040514
100.12278167040515
100.12273069040513
100.12267971040514
100.12262873040514
100.12257775040514
100.12252677040514
100.12247579040513
100.12242481040514
100.12237383040514
100.12232285040514
100.12227187040514
100.12222089040515
100.12216991040513
100.12211893040514
100.12206795040514
100.12201697040514
100.12196599040514
100.12191501040515
100.12186403040513
100.12181305040514
100.12176207040514
100.12171109040514
100.12166011040514
100.12160913040513
100.12155815040514
100.12150717040514
100.12145619040514
100.12140521040514
100.12135423040515
100.12130325040513
100.12125227040514
100.12120129040514
100.12115031040514
100.12109933040514
100.12104835040515
100.12099737040514
100.12094639040514
100.12089541040514
100.12084443040514
100.11426139050504
100.10114579343686
100.08802975509785
100.0749132754433
100.06179635442837
100.04867899200846
100.03556118813873
100.02244294277456
100.0093242558711
99.99620512738369
99.9830855572675
99.9699655454776
99.95684509196948
99.94372419669801
99.93060285961872
99.9174810806867
99.90435885985715
99.89123619708522
99.87811309232603
99.86498954553475
99.85186555666665
99.83874112567666
99.83215333760506
99.83210235760498
99.83205137760497
99.83200039760497
99.83194941760497
99.83189843760498
99.83184745760498
99.83179647760498
99.83174549760497
99.83169451760497
99.83164353760498
99.83159255760498
99.83154157760498
99.83149059760497
99.83143961760497
99.83138863760497
99.83133765760498
99.83128667760498
99.83123569760498
99.83118471760497
99.83113373760497
99.83108275760497
99.83103177760498
99.83098079760498
99.83092981760497
99.83087883760497
99.83082785760497
99.83975076586673
99.84867279713998
99.8575939515009
99.86651422902656
99.86646324902657
99.86641226902657
99.86636128902657
99.86631030902657
99.86625932902658
99.86620834902656
99.86615736902657
99.86610638902657
99.86605540902657
99.86600442902657
99.86595344902656
99.86590246902657
99.86585148902657
99.86580050902657
99.86574952902657
99.86569854902658
99.86564756902656
99.86559658902657
99.86554560902657
99.86549462902657
99.86544364902657
99.86539266902658
99.86534168902656
99.86529070902657
99.86523972902657
99.86518874902657
99.86513776902657
99.86508678902656
99.86503580902657
99.86498482902657
99.86493384902657
99.86488286902657
99.86483188902658
99.86478090902656
99.86472992902657
99.86467894902657
99.86462796902657
99.86457698902657
99.86452600902658
99.86447502902656
99.86442404902657
99.86437306902657
99.86432208902657
99.86427110902657
99.86422012902656
99.86416914902657
99.86411816902657
99.86406718902657
99.86401620902657
99.86396522902658
99.86391424902656
99.86386326902657
99.86381228902657
99.86376130902657
99.86371032902657
99.86365934902656
99.86360836902657
99.86355738902657
99.86350640902657
99.86345542902657
99.86340444902658
99.86335346902656
99.86330248902657
99.86325150902657
99.86320052902657
99.86314954902657
99.86309856902658
99.86304758902656
99.86299660902657
99.86294562902657
99.86289464902657
99.86284366902657
99.86279268902656
99.86274170902657
99.86269072902657
99.86263974902657
99.86258876902657
99.86253778902658
99.86248680902656
99.86243582902657
99.86238484902657
99.86233386902657
99.86228288902657
99.86223190902658
99.86218092902656
99.86212994902657
99.86207896902657
99.86202798902657
99.86197700902657
99.86192602902656
99.86187504902657
99.86182406902657
99.86177308902657
99.86172210902657
99.86167112902658
99.86162014902656
99.86156916902657
99.86151818902657
99.86146720902657
99.86141622902657
99.86136524902658
99.8702846497931
99.87920317387744
99.88812082135557
99.89703759230453
99.89698661230435
99.89693563230433
99.89688465230434
99.89683367230434
99.89678269230434
99.89673171230434
99.89668073230435
99.89662975230434
99.89657877230434
99.89652779230434
99.89647681230434
99.89642583230435
99.89637485230435
99.89632387230434
99.89627289230434
99.89622191230434
99.89617093230434
99.89611995230435
99.89606897230433
99.89601799230434
99.89596701230434
99.89591603230434
99.89586505230434
99.89581407230435
99.89576309230434
99.89571211230434
99.89566113230434
99.89561015230434
99.89555917230435
99.89550819230433
99.89545721230434
99.89540623230434
99.89535525230434
99.89530427230434
99.89525329230435
99.89520231230433
99.89515133230434
99.89510035230434
99.89504937230434
99.89499839230434
99.89494741230435
99.89489643230434
99.89484545230434
99.89479447230434
99.89474349230434
99.89469251230435
99.89464153230433
99.89459055230434
99.89453957230434
99.89448859230434
99.89443761230434
99.89438663230435
99.89433565230433
99.89428467230434
99.89423369230434
99.89418271230434
99.89413173230434
99.89408075230435
99.89402977230434
99.89397879230434
99.89392781230434
99.89387683230434
99.89382585230435
99.89377487230433
99.89372389230434
99.89367291230434
99.89362193230434
99.89357095230434
99.89351997230435
99.89346899230434
99.89341801230434
99.89336703230434
99.89331605230434
99.89326507230435
99.89321409230435
99.89316311230434
99.89311213230434
99.89306115230434
99.89301017230434
99.89295919230435
99.89290821230433
99.89285723230434
99.89280625230434
99.89275527230434
99.89270429230434
99.89265331230435
99.89260233230434
99.89255135230434
99.89250037230434
99.89244939230434
99.89239841230435
99.89234743230433
99.89229645230434
99.89224547230434
99.89219449230434
99.89214351230434
99.89209253230435
99.89204155230433
99.89199057230434
99.89193959230434
99.89188861230434
99.90080450680055
99.90971952492012
99.91863366673975
99.92754693233611
99.9274959523361
99.9274449723361
99.9273939923361
99.9273430123361
99.9272920323361
99.9272410523361
99.9271900723361
99.9271390923361
99.92708811233611
99.9270371323361
99.9269861523361
99.9269351723361
99.9268841923361
99.9268332123361
99.92678223233611
99.9267312523361
99.9266802723361
99.9266292923361
99.9265783123361
99.92652733233611
99.9264763523361
99.9264253723361
99.9263743923361
99.9263234123361
99.9262724323361
99.92622145233611
99.9261704723361
99.9261194923361
99.9260685123361
99.9260175323361
99.9259665523361
99.92591557233611
99.9258645923361
99.9258136123361
99.9257626323361
99.9257116523361
99.92566067233611
99.9256096923361
99.9255587123361
99.9255077323361
99.9254567523361
99.9254057723361
99.92535479233611
99.9253038123361
99.9252528323361
99.9252018523361
99.9251508723361
99.9250998923361
99.92504891233611
99.9249979323361
99.9249469523361
99.9248959723361
99.9248449923361
99.92479401233611
99.9247430323361
99.9246920523361
99.9246410723361
99.9245900923361
99.9245391123361
99.92448813233611
99.9244371523361
99.9243861723361
99.9243351923361
99.9242842123361
99.9242332323361
99.9241822523361
99.9241312723361
99.9240802923361
99.9240293123361
99.9239783323361
99.92392735233611
99.9238763723361
99.9238253923361
99.9237744123361
99.9237234323361
99.9236724523361
99.92362147233611
99.9235704923361
99.9235195123361
99.9234685323361
99.9234175523361
99.9233665723361
99.9233155923361
99.9232646123361
99.9232136323361
99.9231626523361
99.9231116723361
99.92306069233611
99.9230097123361
99.9229587323361
99.9229077523361
99.9228567723361
99.9228057923361
99.92275481233611
99.9227038323361
99.9226528523361
99.9226018723361
99.9225508923361
99.92249991233611
99.9224489323361
99.9223979523361
99.93131034178522
99.94022185516361
99.949132492548
99.9580422540144
99.9579912740143
99.9579402940143
99.95788931401431
99.95783833401431
99.95778735401431
99.95773637401432
99.9576853940143
99.95763441401431
99.95758343401431
99.95753245401431
99.95748147401432
99.9574304940143
99.9573795140143
99.95732853401431
99.95727755401431
99.95722657401431
99.95717559401432
99.9571246140143
99.95707363401431
99.95702265401431
99.95697167401431
99.95692069401431
99.9568697140143
99.9568187340143
99.95676775401431
99.95671677401431
99.95666579401431
99.95661481401432
99.9565638340143
99.9565128540143
99.95646187401431
99.95641089401431
99.95635991401431
99.95630893401432
99.9562579540143
99.95620697401431
99.95615599401431
99.95610501401431
99.95605403401431
99.9560030540143
99.9559520740143
99.95590109401431
99.95585011401431
99.95579913401431
99.95574815401432
99.9556971740143
99.9556461940143
99.95559521401431
99.95554423401431
99.95549325401431
99.95544227401432
99.9553912940143
99.95534031401431
99.95528933401431
99.95523835401431
99.95518737401432
99.9551363940143
99.9550854140143
99.95503443401431
99.95498345401431
99.95493247401431
99.95488149401432
99.9548305140143
99.9547795340143
99.95472855401431
99.95467757401431
99.95462659401431
99.95457561401432
99.9545246340143
99.95447365401431
99.95442267401431
99.95437169401431
99.95432071401432
99.9542697340143
99.9542187540143
99.95416777401431
99.95411679401431
99.95406581401431
99.95401483401432
99.9539638540143
99.9539128740143
99.95386189401431
99.95381091401431
99.95375993401431
99.95370895401432
99.9536579740143
99.95360699401431
99.95355601401431
99.95350503401431
99.95345405401432
99.9534030740143
99.9533520940143
99.95330111401431
99.95325013401431
99.95319915401431
99.95314817401432
99.9530971940143
99.95304621401431
99.95299523401431
99.95294425401431
99.95289327401431
99.96180215963932
99.97071016949909
99.97961730367
99.98852356222861
99.98847258222858
99.98842160222858
99.98837062222857
99.98831964222857
99.98826866222858
99.98821768222858
99.98816670222858
99.98811572222859
99.98806474222857
99.98801376222858
99.98796278222858
99.98791180222858
99.98786082222858
99.98780984222857
99.98775886222857
99.98770788222858
99.98765690222858
99.98760592222858
99.98755494222858
99.98750396222857
99.98745298222858
99.98740200222858
99.98735102222858
99.98730004222858
99.98724906222859
99.98719808222857
99.98714710222858
99.98709612222858
99.98704514222858
99.98699416222858
99.98694318222857
99.98689220222857
99.98684122222858
99.98679024222858
99.98673926222858
99.98668828222858
99.98663730222857
99.98658632222858
99.98653534222858
99.98648436222858
99.98643338222858
99.98638240222859
99.98633142222857
99.98628044222858
99.98622946222858
99.98617848222858
99.98612750222858
99.98607652222857
99.98602554222857
99.98597456222858
99.98592358222858
99.98587260222858
99.98582162222858
99.98577064222857
99.98571966222858
99.98566868222858
99.98561770222858
99.98556672222858
99.98551574222857
99.98546476222857
99.98541378222858
99.98536280222858
99.98531182222858
99.98526084222858
99.98520986222857
99.98515888222857
99.98510790222858
99.98505692222858
99.98500594222858
99.98495496222858
99.98490398222857
99.98485300222858
99.98480202222858
99.98475104222858
99.98470006222858
99.98464908222857
99.98459810222857
99.98454712222858
99.98449614222858
99.98444516222858
99.98439418222858
99.98434320222857
99.98429222222858
99.98424124222858
99.98419026222858
99.98413928222858
99.98408830222859
99.98403732222857
99.98398634222858
99.98393536222858
99.98388438222858
99.98383340222858
99.98378242222857
99.98373144222857
99.98368046222858
99.98362948222858
99.98357850222858
99.98352752222858
99.98347654222857
99.98342556222858
99.98337458222858
99.99227996525111
100.00118447281369
100.0100881049926
100.01899086186435
100.01893988186447
100.01888890186447
100.01883792186447
100.01878694186448
100.01873596186446
100.01868498186447
100.01863400186447
100.01858302186447
100.01853204186447
100.01848106186448
100.01843008186447
100.01837910186447
100.01832812186447
100.01827714186447
100.01822616186448
100.01817518186446
100.01812420186447
100.01807322186447
100.01802224186447
100.01797126186447
100.01792028186448
100.01786930186447
100.01781832186447
100.01776734186447
100.01771636186447
100.01766538186448
100.01761440186448
100.01756342186447
100.01751244186447
100.01746146186447
100.01741048186447
100.01735950186448
100.01730852186446
100.01725754186447
100.01720656186447
100.01715558186447
100.01710460186447
100.01705362186448
100.01700264186447
100.01695166186447
100.01690068186447
100.01684970186447
100.01679872186448
100.01674774186448
100.01669676186447
100.01664578186447
100.01659480186447
100.01654382186447
100.01649284186448
100.01644186186446
100.01639088186447
100.01633990186447
100.01628892186447
100.01623794186447
100.01618696186448
100.01613598186447
100.01608500186447
100.01603402186447
100.01598304186447
100.01593206186448
100.01588108186448
100.01583010186447
100.01577912186447
100.01572814186447
100.01567716186447
100.01562618186448
100.01557520186446
100.01552422186447
100.01547324186447
100.01542226186447
100.01537128186447
100.01532030186448
100.01526932186447
100.01521834186447
100.01516736186447
100.01511638186447
100.01506540186448
100.01501442186448
100.01496344186447
100.01491246186447
100.01486148186447
100.01481050186447
100.01475952186448
100.01470854186447
100.01465756186447
100.01460658186447
100.01455560186447
100.01450462186448
100.01445364186448
100.01440266186447
100.01435168186447
100.01430070186447
100.01424972186447
100.01419874186448
100.01414776186446
100.01409678186447
100.01404580186447
100.01399482186447
100.01394384186447
100.01389286186448
100.01384188186447
100.02274376350535
100.03164476999126
100.04054490139846
100.04944415780338
100.04939317780344
100.04934219780343
100.04929121780343
100.04924023780343
100.04918925780343
100.04913827780344
100.04908729780342
100.04903631780343
100.04898533780343
100.04893435780343
100.04888337780343
100.04883239780344
100.04878141780343
100.04873043780343
100.04867945780343
100.04862847780343
100.04857749780344
100.04852651780344
100.04847553780343
100.04842455780343
100.04837357780343
100.04832259780343
100.04827161780344
100.04822063780342
100.04816965780343
100.04811867780343
100.04806769780343
100.04801671780343
100.04796573780344
100.04791475780343
100.04786377780343
100.04781279780343
100.04776181780343
100.04771083780344
100.04765985780344
100.04760887780343
100.04755789780343
100.04750691780343
100.04745593780343
100.04740495780344
100.04735397780343
100.04730299780343
100.04725201780343
100.04720103780343
100.04715005780344
100.04709907780344
100.04704809780343
100.04699711780343
100.04694613780343
100.04689515780343
100.04684417780344
100.04679319780342
100.04674221780343
100.04669123780343
100.04664025780343
100.04658927780343
100.04653829780344
100.04648731780343
100.04643633780343
100.04638535780343
100.04633437780343
100.04628339780344
100.04623241780344
100.04618143780343
100.04613045780343
100.04607947780343
100.04602849780343
100.04597751780344
100.04592653780342
100.04587555780343
100.04582457780343
100.04577359780343
100.04572261780343
100.04567163780344
100.04562065780343
100.04556967780343
100.04551869780343
100.04546771780343
100.04541673780344
100.04536575780344
100.04531477780343
100.04526379780343
100.04521281780343
100.04516183780343
100.04511085780344
100.04505987780342
100.04500889780343
100.04495791780343
100.04490693780343
100.04485595780343
100.04480497780344
100.04475399780343
100.04470301780343
100.04465203780343
100.04460105780343
100.04455007780344
100.04449909780344
100.04444811780343
100.04439713780343
100.04434615780343
100.04429517780343
100.05319355928214
100.06209106591083
100.0709876977655
100.07988345492274
100.07983247492274
100.07978149492274
100.07973051492274
100.07967953492273
100.07962855492273
100.07957757492274
100.07952659492274
100.07947561492274
100.07942463492274
100.07937365492273
100.07932267492274
100.07927169492274
100.07922071492274
100.07916973492274
100.07911875492273
100.07906777492273
100.07901679492274
100.07896581492274
100.07891483492274
100.07886385492274
100.07881287492273
100.07876189492274
100.07871091492274
100.07865993492274
100.07860895492274
100.07855797492273
100.07850699492273
100.07845601492274
100.07840503492274
100.07835405492274
100.07830307492274
100.07825209492273
100.07820111492273
100.07815013492274
100.07809915492274
100.07804817492274
100.07799719492274
100.07794621492273
100.07789523492274
100.07784425492274
100.07779327492274
100.07774229492274
100.07769131492273
100.07764033492273
100.07758935492274
100.07753837492274
100.07748739492274
100.07743641492274
100.07738543492273
100.07733445492273
100.07728347492274
100.07723249492274
100.07718151492274
100.07713053492274
100.07707955492273
100.07702857492274
100.07697759492274
100.07692661492274
100.07687563492274
100.07682465492273
100.07677367492273
100.07672269492274
100.07667171492274
100.07662073492274
100.07656975492274
100.07651877492273
100.07646779492273
100.07641681492274
100.07636583492274
100.07631485492274
100.07626387492274
100.07621289492273
100.07616191492274
100.07611093492274
100.07605995492274
100.07600897492274
100.07595799492273
100.07590701492273
100.07585603492274
100.07580505492274
100.07575407492274
100.07570309492274
100.07565211492273
100.07560113492274
100.07555015492274
100.07549917492274
100.07544819492274
100.07539721492273
100.07534623492273
100.07529525492274
100.07524427492274
100.07519329492274
100.07514231492274
100.07509133492273
100.07504035492273
100.07498937492274
100.07493839492274
100.07488741492274
100.07483643492274
100.07478545492273
100.07473447492274
100.08362935745828
100.09252336544859
100.1014164989692
100.1103087580967
100.11025777809671
100.11020679809671
100.11015581809671
100.11010483809672
100.11005385809672
100.11000287809671
100.10995189809671
100.10990091809671
100.10984993809672
100.10979895809672
100.10974797809672
100.10969699809671
100.10964601809671
100.10959503809671
100.10954405809672
100.10949307809672
100.10944209809671
100.10939111809671
100.10934013809671
100.10928915809671
100.10923817809672
100.10918719809672
100.10913621809671
100.10908523809671
100.10903425809671
100.10898327809672
100.10893229809672
100.10888131809672
100.10883033809671
100.10877935809671
100.10872837809671
100.10867739809672
100.10862641809672
100.10857543809671
100.10852445809671
100.10847347809671
100.10842249809672
100.10837151809672
100.10832053809672
100.10826955809671
100.10821857809671
100.10816759809671
100.10811661809672
100.10806563809672
100.10801465809672
100.10796367809671
100.10791269809671
100.10786171809671
100.10781073809672
100.10775975809672
100.10770877809671
100.10765779809671
100.10760681809671
100.10755583809672
100.10750485809672
100.10745387809672
100.10740289809671
100.10735191809671
100.10730093809671
100.10724995809672
100.10719897809672
100.1071479980967
100.10709701809671
100.10704603809671
100.10699505809671
100.10694407809672
100.10689309809672
100.10684211809671
100.10679113809671
100.10674015809671
100.10668917809672
100.10663819809672
100.10658721809672
100.10653623809671
100.10648525809671
100.10643427809671
100.10638329809672
100.10633231809672
100.10628133809671
100.10623035809671
100.10617937809671
100.10612839809671
100.10607741809672
100.10602643809672
100.10597545809671
100.10592447809671
100.10587349809671
100.10582251809672
100.10577153809672
100.10572055809672
100.10566957809671
100.10561859809671
100.10556761809671
100.10551663809672
100.10546565809672
100.10541467809671
100.10536369809671
100.10531271809671
100.10526173809671
100.10521075809672
100.10515977809672
100.11405116290703
100.12294167347606
100.13183130988011
100.14072007219508
100.14066909219514
100.14061811219514
100.13403626683919
100.1209230590718
100.10780941027559
100.09469532040598
100.08158078941834
100.06846581726765
100.05535040390961
100.04223454929921
100.02911825339191
100.01600151614302
100.00288433750762
99.98976671744114
99.97664865589864
99.9635301528357
99.95041120820734
99.93729182196886
99.92417199407522
99.91105172448206
99.89793101314444
99.88480986001746
99.87168826505633
99.85856622821647
99.85197963729577
99.85192865729577
99.85187767729578
99.85182669729578
99.85177571729578
99.85172473729578
99.85167375729577
99.85162277729577
99.85157179729578
99.85152081729578
99.85146983729578
99.85141885729577
99.85136787729577
99.85131689729577
99.85126591729578
99.85121493729578
99.85116395729578
99.85111297729577
99.85106199729577
99.85101101729578
99.85096003729578
99.85090905729578
99.85085807729578
99.85080709729577
99.85075611729577
99.85070513729578
99.85065415729578
99.85060317729578
99.85055219729577
99.85050121729577
99.85045023729577
99.85039925729578
99.85034827729578
99.85029729729578
99.85024631729577
99.85019533729577
99.85014435729578
99.85009337729578
99.85004239729578
99.84999141729578
99.84994043729577
99.84988945729577
99.84983847729578
99.84978749729578
99.84973651729578
99.84968553729577
99.84963455729577
99.84958357729577
99.84953259729578
99.84948161729578
99.84943063729578
99.84937965729577
99.84932867729577
99.84927769729578
99.84922671729578
99.84917573729578
99.84912475729578
99.84907377729577
99.84902279729577
99.84897181729578
99.84892083729578
99.84886985729578
99.84881887729577
99.84876789729577
99.84871691729577
99.84866593729578
99.84861495729578
99.84856397729578
99.84851299729577
99.84846201729577
99.84841103729578
99.84836005729578
99.84830907729578
99.84825809729577
99.84820711729577
99.84815613729577
99.84810515729578
99.85702114564144
99.86593625760264
99.87485049325579
99.88376385267718
99.88371287267724
99.88366189267724
99.88361091267724
99.88355993267724
99.88350895267723
99.88345797267723
99.88340699267724
99.88335601267724
99.88330503267724
99.88325405267723
99.88320307267723
99.88315209267724
99.88310111267724
99.88305013267724
99.88299915267724
99.88294817267723
99.88289719267723
99.88284621267724
99.88279523267724
99.88274425267724
99.88269327267724
99.88264229267723
99.88259131267723
99.88254033267724
99.88248935267724
99.88243837267724
99.88238739267723
99.88233641267723
99.88228543267724
99.88223445267724
99.88218347267724
99.88213249267724
99.88208151267723
99.88203053267723
99.88197955267724
99.88192857267724
99.88187759267724
99.88182661267724
99.88177563267723
99.88172465267724
99.88167367267724
99.88162269267724
99.88157171267724
99.88152073267723
99.88146975267723
99.88141877267724
99.88136779267724
99.88131681267724
99.88126583267724
99.88121485267723
99.88116387267723
99.88111289267724
99.88106191267724
99.88101093267724
99.88095995267723
99.88090897267723
99.88085799267724
99.88080701267724
99.88075603267724
99.88070505267724
99.88065407267723
99.88060309267723
99.88055211267724
99.88050113267724
99.88045015267724
99.88039917267724
99.88034819267723
99.88029721267723
99.88024623267724
99.88019525267724
99.88014427267724
99.88009329267723
99.88004231267723
99.87999133267724
99.87994035267724
99.87988937267724
99.87983839267724
99.87978741267723
99.87973643267723
99.87968545267724
99.87963447267724
99.87958349267724
99.87953251267724
99.87948153267723
99.87943055267723
99.87937957267724
99.87932859267724
99.87927761267724
99.87922663267723
99.87917565267723
99.87912467267724
99.87907369267724
99.87902271267724
99.87897173267724
99.87892075267723
99.87886977267723
99.87881879267724
99.87876781267724
99.87871683267724
99.87866585267724
99.87861487267723
99.88752735594333
99.89643896313086
99.90534969431597
99.91425954957495
99.91420856957494
99.91415758957494
99.91410660957494
99.91405562957495
99.91400464957495
99.91395366957495
99.91390268957494
99.91385170957494
99.91380072957494
99.91374974957495
99.91369876957495
99.91364778957495
99.91359680957494
99.91354582957494
99.91349484957495
99.91344386957495
99.91339288957495
99.91334190957494
99.91329092957494
99.91323994957494
99.91318896957495
99.91313798957495
99.91308700957495
99.91303602957494
99.91298504957494
99.91293406957494
99.91288308957495
99.91283210957495
99.91278112957494
99.91273014957494
99.91267916957494
99.91262818957495
99.91257720957495
99.91252622957495
99.91247524957494
99.91242426957494
99.91237328957494
99.91232230957495
99.91227132957495
99.91222034957495
99.91216936957494
99.91211838957494
99.91206740957495
99.91201642957495
99.91196544957495
99.91191446957494
99.91186348957494
99.91181250957494
99.91176152957495
99.91171054957495
99.91165956957495
99.91160858957494
99.91155760957494
99.91150662957494
99.91145564957495
99.91140466957495
99.91135368957495
99.91130270957494
99.91125172957494
99.91120074957495
99.91114976957495
99.91109878957495
99.91104780957494
99.91099682957494
99.91094584957494
99.91089486957495
99.91084388957495
99.91079290957495
99.91074192957494
99.91069094957494
99.91063996957494
99.91058898957495
99.91053800957495
99.91048702957495
99.91043604957494
99.91038506957494
99.91033408957495
99.91028310957495
99.91023212957495
99.91018114957494
99.91013016957494
99.91007918957494
99.91002820957495
99.90997722957495
99.90992624957495
99.90987526957494
99.90982428957494
99.90977330957494
99.90972232957495
99.90967134957495
99.90962036957494
99.90956938957494
99.90951840957494
99.90946742957495
99.90941644957495
99.90936546957495
99.90931448957494
99.90926350957494
99.90921252957494
99.90916154957495
99.90911056957495
99.9180195489844
99.92692765262046
99.93583488055953
99.94474123287799
99.94469025287799
99.94463927287799
99.94458829287798
99.94453731287798
99.94448633287799
99.94443535287799
99.94438437287799
99.944333392878
99.94428241287798
99.94423143287798
99.94418045287799
99.94412947287799
99.94407849287799
99.944027512878
99.94397653287798
99.94392555287799
99.94387457287799
99.94382359287799
99.94377261287799
99.94372163287798
99.94367065287798
99.94361967287799
99.94356869287799
99.94351771287799
99.943466732878
99.94341575287798
99.94336477287798
99.94331379287799
99.94326281287799
99.94321183287799
99.943160852878
99.94310987287798
99.94305889287799
99.94300791287799
99.94295693287799
99.942905952878
99.94285497287798
99.94280399287798
99.94275301287799
99.94270203287799
99.94265105287799
99.942600072878
99.94254909287798
99.94249811287798
99.94244713287799
99.94239615287799
99.94234517287799
99.942294192878
99.94224321287798
99.94219223287799
99.94214125287799
99.94209027287799
99.942039292878
99.94198831287798
99.94193733287798
99.94188635287799
99.94183537287799
99.94178439287799
99.941733412878
99.94168243287798
99.94163145287798
99.94158047287799
99.94152949287799
99.94147851287799
99.94142753287798
99.94137655287798
99.94132557287799
99.94127459287799
99.94122361287799
99.941172632878
99.94112165287798
99.94107067287798
99.94101969287799
99.94096871287799
99.94091773287799
99.940866752878
99.94081577287798
99.94076479287799
99.94071381287799
99.94066283287799
99.94061185287799
99.94056087287798
99.94050989287798
99.94045891287799
99.94040793287799
99.94035695287799
99.940305972878
99.94025499287798
99.94020401287798
99.94015303287799
99.94010205287799
99.94005107287799
99.940000092878
99.93994911287798
99.93989813287799
99.93984715287799
99.93979617287799
99.939745192878
99.93969421287798
99.93964323287798
99.93959225287799
99.94849772965223
99.95740233095847
99.96630605687302
99.9752089074718
99.97515792747184
99.97510694747184
99.97505596747185
99.97500498747185
99.97495400747185
99.97490302747184
99.97485204747184
99.97480106747184
99.97475008747185
99.97469910747185
99.97464812747184
99.97459714747184
99.97454616747184
99.97449518747185
99.97444420747185
99.97439322747185
99.97434224747184
99.97429126747184
99.97424028747184
99.97418930747185
99.97413832747185
99.97408734747184
99.97403636747184
99.97398538747184
99.97393440747184
99.97388342747185
99.97383244747185
99.97378146747184
99.97373048747184
99.97367950747184
99.97362852747185
99.97357754747185
99.97352656747185
99.97347558747184
99.97342460747184
99.97337362747184
99.97332264747185
99.97327166747185
99.97322068747184
99.97316970747184
99.97311872747184
99.97306774747184
99.97301676747185
99.97296578747185
99.97291480747184
99.97286382747184
99.97281284747184
99.97276186747185
99.97271088747185
99.97265990747185
99.97260892747184
99.97255794747184
99.97250696747184
99.97245598747185
99.97240500747185
99.97235402747184
99.97230304747184
99.97225206747184
99.97220108747184
99.97215010747185
99.97209912747185
99.97204814747184
99.97199716747184
99.97194618747184
99.97189520747185
99.97184422747185
99.97179324747185
99.97174226747184
99.97169128747184
99.97164030747184
99.97158932747185
99.97153834747185
99.97148736747184
99.97143638747184
99.97138540747184
99.97133442747185
99.97128344747185
99.97123246747185
99.97118148747184
99.97113050747184
99.97107952747184
99.97102854747185
99.97097756747185
99.97092658747185
99.97087560747184
99.97082462747184
99.97077364747184
99.97072266747185
99.97067168747185
99.97062070747184
99.97056972747184
99.97051874747184
99.97046776747185
99.97041678747185
99.97036580747185
99.97031482747184
99.97026384747184
99.97021286747184
99.97016188747185
99.97011090747185
99.97005992747184
99.97896190283147
99.98786300302822
99.99676322813828
100.00566257823785
100.00561159823786
100.00556061823785
100.00550963823785
100.00545865823786
100.00540767823786
100.00535669823786
100.00530571823786
100.00525473823785
100.00520375823785
100.00515277823786
100.00510179823786
100.00505081823786
100.00499983823785
100.00494885823785
100.00489787823786
100.00484689823786
100.00479591823786
100.00474493823786
100.00469395823785
100.00464297823785
100.00459199823786
100.00454101823786
100.00449003823786
100.00443905823786
100.00438807823785
100.00433709823785
100.00428611823786
100.00423513823786
100.00418415823786
100.00413317823785
100.00408219823785
100.00403121823786
100.00398023823786
100.00392925823786
100.00387827823786
100.00382729823785
100.00377631823785
100.00372533823786
100.00367435823786
100.00362337823786
100.00357239823786
100.00352141823785
100.00347043823785
100.00341945823786
100.00336847823786
100.00331749823786
100.00326651823785
100.00321553823785
100.00316455823786
100.00311357823786
100.00306259823786
100.00301161823786
100.00296063823785
100.00290965823785
100.00285867823786
100.00280769823786
100.00275671823786
100.00270573823785
100.00265475823785
100.00260377823786
100.00255279823786
100.00250181823786
100.00245083823786
100.00239985823785
100.00234887823785
100.00229789823786
100.00224691823786
100.00219593823786
100.00214495823786
100.00209397823785
100.00204299823785
100.00199201823786
100.00194103823786
100.00189005823786
100.00183907823785
100.00178809823785
100.00173711823786
100.00168613823786
100.00163515823786
100.00158417823786
100.00153319823785
100.00148221823785
100.00143123823786
100.00138025823786
100.00132927823786
100.00127829823786
100.00122731823785
100.00117633823785
100.00112535823786
100.00107437823786
100.00102339823786
100.00097241823785
100.00092143823785
100.00087045823786
100.00081947823786
100.00076849823786
100.00071751823786
100.00066653823785
100.00061555823785
100.00056457823786
100.00051359823786
100.00941207340298
100.01830967371006
100.02720639923501
100.03610225005418
100.03605127005423
100.03600029005423
100.03594931005424
100.03589833005422
100.03584735005423
100.03579637005423
100.03574539005423
100.03569441005423
100.03564343005424
100.03559245005422
100.03554147005423
100.03549049005423
100.03543951005423
100.03538853005423
100.03533755005424
100.03528657005423
100.03523559005423
100.03518461005423
100.03513363005423
100.03508265005424
100.03503167005422
100.03498069005423
100.03492971005423
100.03487873005423
100.03482775005423
100.03477677005424
100.03472579005422
100.03467481005423
100.03462383005423
100.03457285005423
100.03452187005423
100.03447089005422
100.03441991005423
100.03436893005423
100.03431795005423
100.03426697005423
100.03421599005424
100.03416501005422
100.03411403005423
100.03406305005423
100.03401207005423
100.03396109005423
100.03391011005424
100.03385913005422
100.03380815005423
100.03375717005423
100.03370619005423
100.03365521005423
100.03360423005422
100.03355325005423
100.03350227005423
100.03345129005423
100.03340031005423
100.03334933005424
100.03329835005422
100.03324737005423
100.03319639005423
100.03314541005423
100.03309443005423
100.03304345005424
100.03299247005423
100.03294149005423
100.03289051005423
100.03283953005423
100.03278855005424
100.03273757005422
100.03268659005423
100.03263561005423
100.03258463005423
100.03253365005423
100.03248267005424
100.03243169005422
100.03238071005423
100.03232973005423
100.03227875005423
100.03222777005423
100.03217679005424
100.03212581005423
100.03207483005423
100.03202385005423
100.03197287005423
100.03192189005424
100.03187091005422
100.03181993005423
100.03176895005423
100.03171797005423
100.03166699005423
100.03161601005424
100.03156503005422
100.03151405005423
100.03146307005423
100.03141209005423
100.03136111005423
100.03131013005422
100.03125915005423
100.03120817005423
100.03115719005423
100.03110621005423
100.03105523005424
100.03100425005422
100.03095327005423
100.03984824624365
100.04874234787934
100.05763557503752
100.06652792779428
100.06647694779416
100.06642596779416
100.06637498779416
100.06632400779417
100.06627302779417
100.06622204779416
100.06617106779416
100.06612008779416
100.06606910779416
100.06601812779417
100.06596714779417
100.06591616779416
100.06586518779416
100.06581420779416
100.06576322779416
100.06571224779417
100.06566126779417
100.06561028779416
100.06555930779416
100.06550832779416
100.06545734779417
100.06540636779417
100.06535538779416
100.06530440779416
100.06525342779416
100.06520244779416
100.06515146779417
100.06510048779417
100.06504950779416
100.06499852779416
100.06494754779416
100.06489656779416
100.06484558779417
100.06479460779417
100.06474362779416
100.06469264779416
100.06464166779416
100.06459068779417
100.06453970779417
100.06448872779416
100.06443774779416
100.06438676779416
100.06433578779416
100.06428480779417
100.06423382779417
100.06418284779416
100.06413186779416
100.06408088779416
100.06402990779416
100.06397892779417
100.06392794779417
100.06387696779416
100.06382598779416
100.06377500779416
100.06372402779417
100.06367304779417
100.06362206779416
100.06357108779416
100.06352010779416
100.06346912779416
100.06341814779417
100.06336716779417
100.06331618779416
100.06326520779416
100.06321422779416
100.06316324779417
100.06311226779417
100.06306128779416
100.06301030779416
100.06295932779416
100.06290834779416
100.06285736779417
100.06280638779417
100.06275540779416
100.06270442779416
100.06265344779416
100.06260246779416
100.06255148779417
100.06250050779417
100.06244952779416
100.06239854779416
100.06234756779416
100.06229658779417
100.06224560779417
100.06219462779416
100.06214364779416
100.06209266779416
100.06204168779416
100.06199070779417
100.06193972779417
100.06188874779416
100.06183776779416
100.06178678779416
100.06173580779416
100.06168482779417
100.06163384779417
100.06158286779416
100.06153188779416
100.06148090779416
100.06142992779417
100.06137894779417
100.07027042622556
100.07916103040775
100.08805076041665
100.09693961632831
100.09688863632825
100.09683765632825
100.09678667632824
100.09673569632824
100.09668471632824
100.09663373632824
100.09658275632825
100.09653177632825
100.09648079632824
100.09642981632824
100.09637883632824
100.09632785632824
100.09627687632825
100.09622589632824
100.09617491632824
100.09612393632824
100.09607295632824
100.09602197632825
100.09597099632825
100.09592001632824
100.09586903632824
100.09581805632824
100.09576707632824
100.09571609632825
100.09566511632823
100.09561413632824
100.09556315632824
100.09551217632824
100.09546119632824
100.09541021632825
100.09535923632824
100.09530825632824
100.09525727632824
100.09520629632824
100.09515531632825
100.09510433632825
100.09505335632824
100.09500237632824
100.09495139632824
100.09490041632824
100.09484943632825
100.09479845632823
100.09474747632824
100.09469649632824
100.09464551632824
100.09459453632824
100.09454355632825
100.09449257632824
100.09444159632824
100.09439061632824
100.09433963632824
100.09428865632825
100.09423767632825
100.09418669632824
100.09413571632824
100.09408473632824
100.09403375632824
100.09398277632825
100.09393179632823
100.09388081632824
100.09382983632824
100.09377885632824
100.09372787632824
100.09367689632825
100.09362591632824
100.09357493632824
100.09352395632824
100.09347297632824
100.09342199632825
100.09337101632825
100.09332003632824
100.09326905632824
100.09321807632824
100.09316709632824
100.09311611632825
100.09306513632824
100.09301415632824
100.09296317632824
100.09291219632824
100.09286121632825
100.09281023632825
100.09275925632824
100.09270827632824
100.09265729632824
100.09260631632824
100.09255533632825
100.09250435632823
100.09245337632824
100.09240239632824
100.09235141632824
100.09230043632824
100.09224945632825
100.09219847632824
100.09214749632824
100.09209651632824
100.09204553632824
100.09199455632825
100.09194357632825
100.09189259632824
100.09184161632824
100.09179063632824
100.10067861821865
100.10956572616384
100.1184519602398
100.1273373205223
100.1272863405223
100.1272353605223
100.12718438052231
100.12713340052231
100.1270824205223
100.1270314405223
100.1269804605223
100.1269294805223
100.12687850052231
100.12682752052231
100.1267765405223
100.1267255605223
100.1266745805223
100.12662360052231
100.12657262052231
100.1265216405223
100.1264706605223
100.1264196805223
100.1263687005223
100.12631772052231
100.12626674052231
100.1262157605223
100.1261647805223
100.1261138005223
100.12606282052231
100.12601184052231
100.12596086052231
100.1259098805223
100.1258589005223
100.1258079205223
100.12575694052231
100.12570596052231
100.1256549805223
100.1256040005223
100.1255530205223
100.1255020405223
100.12545106052231
100.12540008052231
100.1253491005223
100.1252981205223
100.1252471405223
100.12519616052231
100.12514518052231
100.12509420052231
100.1250432205223
100.1249922405223
100.1249412605223
100.12489028052231
100.12483930052231
100.1247883205223
100.1247373405223
100.1246863605223
100.1246353805223
100.12458440052231
100.12453342052231
100.1244824405223
100.1244314605223
100.11785020242743
100.10473816928584
100.09162569523437
100.07851278022848
100.06539942422343
100.05228562717475
100.0391713890375
100.02605670976689
100.01294158931861
99.99982602764779
99.98671002470957
99.97359358045958
99.9604766948526
99.94735936784443
99.93424159939
99.92112338944474
99.90800473796355
99.89488564490212
99.88176611021542
99.8686461338588
99.85552571578746
99.84240485595652
99.83581885357768
99.83576787357758
99.83571689357758
99.83566591357759
99.83561493357757
99.83556395357758
99.83551297357758
99.83546199357758
99.83541101357758
99.83536003357759
99.83530905357757
99.83525807357758
99.83520709357758
99.83515611357758
99.83510513357758
99.83505415357757
99.83500317357758
99.83495219357758
99.83490121357758
99.83485023357758
99.83479925357759
99.83474827357757
99.84366085882394
99.85257256798253
99.86148340112975
99.870393358342
99.87034237834195
99.87029139834193
99.87024041834194
99.87018943834194
99.87013845834194
99.87008747834194
99.87003649834193
99.86998551834193
99.86993453834194
99.86988355834194
99.86983257834194
99.86978159834194
99.86973061834193
99.86967963834194
99.86962865834194
99.86957767834194
99.86952669834194
99.86947571834193
99.86942473834193
99.86937375834194
99.86932277834194
99.86927179834194
99.86922081834194
99.86916983834193
99.86911885834193
99.86906787834194
99.86901689834194
99.86896591834194
99.86891493834194
99.86886395834193
99.86881297834194
99.86876199834194
99.86871101834194
99.86866003834194
99.86860905834193
99.86855807834193
99.86850709834194
99.86845611834194
99.86840513834194
99.86835415834194
99.86830317834193
99.86825219834193
99.86820121834194
99.86815023834194
99.86809925834194
99.86804827834194
99.86799729834193
99.86794631834194
99.86789533834194
99.86784435834194
99.86779337834194
99.86774239834193
99.86769141834193
99.86764043834194
99.86758945834194
99.86753847834194
99.86748749834194
99.86743651834193
99.86738553834194
99.86733455834194
99.86728357834194
99.86723259834194
99.86718161834195
99.86713063834193
99.86707965834194
99.86702867834194
99.86697769834194
99.86692671834194
99.86687573834193
99.86682475834193
99.86677377834194
99.86672279834194
99.86667181834194
99.86662083834194
99.86656985834193
99.86651887834194
99.86646789834194
99.86641691834194
99.86636593834194
99.86631495834195
99.86626397834193
99.86621299834194
99.86616201834194
99.86611103834194
99.86606005834194
99.86600907834193
99.86595809834193
99.86590711834194
99.86585613834194
99.86580515834194
99.86575417834194
99.86570319834193
99.86565221834194
99.86560123834194
99.86555025834194
99.86549927834194
99.86544829834193
99.86539731834193
99.86534633834194
99.86529535834194
99.86524437834194
99.87415345969583
99.88306166526762
99.89196899513327
99.90087544936948
99.90082446936957
99.90077348936957
99.90072250936957
99.90067152936956
99.90062054936956
99.90056956936957
99.90051858936957
99.90046760936957
99.90041662936956
99.90036564936956
99.90031466936956
99.90026368936957
99.90021270936957
99.90016172936957
99.90011074936956
99.90005976936956
99.90000878936956
99.89995780936957
99.89990682936957
99.89985584936957
99.89980486936956
99.89975388936956
99.89970290936957
99.89965192936957
99.89960094936957
99.89954996936956
99.89949898936956
99.89944800936956
99.89939702936957
99.89934604936957
99.89929506936957
99.89924408936956
99.89919310936956
99.89914212936957
99.89909114936957
99.89904016936957
99.89898918936957
99.89893820936956
99.89888722936956
99.89883624936957
99.89878526936957
99.89873428936957
99.89868330936956
99.89863232936956
99.89858134936956
99.89853036936957
99.89847938936957
99.89842840936957
99.89837742936956
99.89832644936956
99.89827546936957
99.89822448936957
99.89817350936957
99.89812252936956
99.89807154936956
99.89802056936956
99.89796958936957
99.89791860936957
99.89786762936957
99.89781664936956
99.89776566936956
99.89771468936956
99.89766370936957
99.89761272936957
99.89756174936957
99.89751076936956
99.89745978936956
99.89740880936957
99.89735782936957
99.89730684936957
99.89725586936956
99.89720488936956
99.89715390936956
99.89710292936957
99.89705194936957
99.89700096936957
99.89694998936956
99.89689900936956
99.89684802936956
99.89679704936957
99.89674606936957
99.89669508936957
99.89664410936956
99.89659312936956
99.89654214936957
99.89649116936957
99.89644018936957
99.89638920936956
99.89633822936956
99.89628724936956
99.89623626936957
99.89618528936957
99.89613430936957
99.89608332936956
99.89603234936956
99.89598136936957
99.89593038936957
99.89587940936957
99.89582842936957
99.89577744936956
99.89572646936956
99.90463204805246
99.91353675125872
99.92244057906437
99.93134353154548
99.93129255154552
99.93124157154553
99.93119059154553
99.93113961154553
99.93108863154553
99.93103765154552
99.93098667154553
99.93093569154553
99.93088471154553
99.93083373154553
99.93078275154554
99.93073177154552
99.93068079154553
99.93062981154553
99.93057883154553
99.93052785154553
99.93047687154552
99.93042589154553
99.93037491154553
99.93032393154553
99.93027295154553
99.93022197154554
99.93017099154552
99.93012001154553
99.93006903154553
99.93001805154553
99.92996707154553
99.92991609154552
99.92986511154552
99.92981413154553
99.92976315154553
99.92971217154553
99.92966119154553
99.92961021154552
99.92955923154553
99.92950825154553
99.92945727154553
99.92940629154553
99.92935531154554
99.92930433154552
99.92925335154553
99.92920237154553
99.92915139154553
99.92910041154553
99.92904943154552
99.92899845154552
99.92894747154553
99.92889649154553
99.92884551154553
99.92879453154553
99.92874355154552
99.92869257154553
99.92864159154553
99.92859061154553
99.92853963154553
99.92848865154554
99.92843767154552
99.92838669154553
99.92833571154553
99.92828473154553
99.92823375154553
99.92818277154552
99.92813179154552
99.92808081154553
99.92802983154553
99.92797885154553
99.92792787154553
99.92787689154552
99.92782591154553
99.92777493154553
99.92772395154553
99.92767297154553
99.92762199154554
99.92757101154552
99.92752003154553
99.92746905154553
99.92741807154553
99.92736709154553
99.92731611154552
99.92726513154552
99.92721415154553
99.92716317154553
99.92711219154553
99.92706121154554
99.92701023154552
99.92695925154553
99.92690827154553
99.92685729154553
99.92680631154553
99.92675533154552
99.92670435154552
99.92665337154553
99.92660239154553
99.92655141154553
99.92650043154553
99.92644945154552
99.92639847154553
99.92634749154553
99.92629651154553
99.92624553154553
99.92619455154554
99.9350966287786
99.94399783083996
99.9528981578056
99.96179760975187
99.96174662975189
99.96169564975187
99.96164466975188
99.96159368975188
99.96154270975188
99.96149172975188
99.96144074975189
99.96138976975188
99.96133878975188
99.96128780975188
99.96123682975188
99.96118584975189
99.96113486975189
99.96108388975188
99.96103290975188
99.96098192975188
99.96093094975188
99.96087996975189
99.96082898975187
99.96077800975188
99.96072702975188
99.96067604975188
99.96062506975188
99.96057408975189
99.96052310975188
99.96047212975188
99.96042114975188
99.96037016975188
99.96031918975189
99.96026820975189
99.96021722975188
99.96016624975188
99.96011526975188
99.96006428975188
99.96001330975189
99.95996232975187
99.95991134975188
99.95986036975188
99.95980938975188
99.95975840975188
99.95970742975189
99.95965644975188
99.95960546975188
99.95955448975188
99.95950350975188
99.95945252975189
99.95940154975189
99.95935056975188
99.95929958975188
99.95924860975188
99.95919762975188
99.95914664975189
99.95909566975187
99.95904468975188
99.95899370975188
99.95894272975188
99.95889174975188
99.95884076975189
99.95878978975188
99.95873880975188
99.95868782975188
99.95863684975188
99.95858586975189
99.95853488975187
99.95848390975188
99.95843292975188
99.95838194975188
99.95833096975188
99.95827998975189
99.95822900975188
99.95817802975188
99.95812704975188
99.95807606975188
99.95802508975189
99.95797410975189
99.95792312975188
99.95787214975188
99.95782116975188
99.95777018975188
99.95771920975189
99.95766822975187
99.95761724975188
99.95756626975188
99.95751528975188
99.95746430975188
99.95741332975189
99.95736234975188
99.95731136975188
99.95726038975188
99.95720940975188
99.95715842975189
99.95710744975189
99.95705646975188
99.95700548975188
99.95695450975188
99.95690352975188
99.95685254975189
99.95680156975187
99.95675058975188
99.95669960975188
99.95664862975188
99.96554720675486
99.97444490889102
99.98334173623608
99.99223768886648
99.99218670886643
99.99213572886643
99.99208474886643
99.99203376886643
99.99198278886642
99.99193180886643
99.99188082886643
99.99182984886643
99.99177886886643
99.99172788886642
99.99167690886642
99.99162592886643
99.99157494886643
99.99152396886643
99.99147298886643
99.99142200886642
99.99137102886642
99.99132004886643
99.99126906886643
99.99121808886643
99.99116710886642
99.99111612886642
99.99106514886643
99.99101416886643
99.99096318886643
99.99091220886643
99.99086122886642
99.99081024886642
99.99075926886643
99.99070828886643
99.99065730886643
99.99060632886643
99.99055534886642
99.99050436886643
99.99045338886643
99.99040240886643
99.99035142886643
99.99030044886642
99.99024946886642
99.99019848886643
99.99014750886643
99.99009652886643
99.99004554886643
99.98999456886642
99.98994358886642
99.98989260886643
99.98984162886643
99.98979064886643
99.98973966886643
99.98968868886642
99.98963770886643
99.98958672886643
99.98953574886643
99.98948476886643
99.98943378886642
99.98938280886642
99.98933182886643
99.98928084886643
99.98922986886643
99.98917888886643
99.98912790886642
99.98907692886642
99.98902594886643
99.98897496886643
99.98892398886643
99.98887300886643
99.98882202886642
99.98877104886643
99.98872006886643
99.98866908886643
99.98861810886643
99.98856712886642
99.98851614886642
99.98846516886643
99.98841418886643
99.98836320886643
99.98831222886643
99.98826124886642
99.98821026886642
99.98815928886643
99.98810830886643
99.98805732886643
99.98800634886643
99.98795536886642
99.98790438886643
99.98785340886643
99.98780242886643
99.98775144886643
99.98770046886642
99.98764948886642
99.98759850886643
99.98754752886643
99.98749654886643
99.98744556886643
99.98739458886642
99.98734360886642
99.98729262886643
99.98724164886643
99.98719066886643
99.98713968886642
99.98708870886642
99.9959837868583
100.00487799028758
100.01377131923081
100.02266377376355
100.02261279376356
100.02256181376356
100.02251083376356
100.02245985376356
100.02240887376357
100.02235789376357
100.02230691376356
100.02225593376356
100.02220495376356
100.02215397376357
100.02210299376357
100.02205201376356
100.02200103376356
100.02195005376356
100.02189907376356
100.02184809376357
100.02179711376357
100.02174613376356
100.02169515376356
100.02164417376356
100.02159319376356
100.02154221376357
100.02149123376357
100.02144025376356
100.02138927376356
100.02133829376356
100.02128731376357
100.02123633376357
100.02118535376356
100.02113437376356
100.02108339376356
100.02103241376356
100.02098143376357
100.02093045376357
100.02087947376356
100.02082849376356
100.02077751376356
100.02072653376356
100.02067555376357
100.02062457376357
100.02057359376356
100.02052261376356
100.02047163376356
100.02042065376357
100.02036967376357
100.02031869376356
100.02026771376356
100.02021673376356
100.02016575376356
100.02011477376357
100.02006379376357
100.02001281376356
100.01996183376356
100.01991085376356
100.01985987376356
100.01980889376357
100.01975791376356
100.01970693376356
100.01965595376356
100.01960497376356
100.01955399376357
100.01950301376357
100.01945203376356
100.01940105376356
100.01935007376356
100.01929909376356
100.01924811376357
100.01919713376357
100.01914615376356
100.01909517376356
100.01904419376356
100.01899321376357
100.01894223376357
100.01889125376356
100.01884027376356
100.01878929376356
100.01873831376356
100.01868733376357
100.01863635376357
100.01858537376356
100.01853439376356
100.01848341376356
100.01843243376356
100.01838145376357
100.01833047376357
100.01827949376356
100.01822851376356
100.01817753376356
100.01812655376357
100.01807557376357
100.01802459376356
100.01797361376356
100.01792263376356
100.01787165376356
100.01782067376357
100.01776969376357
100.01771871376356
100.01766773376356
100.01761675376356
100.01756577376356
100.01751479376357
100.02640637396215
100.03529707990265
100.04418691166113
100.05307586931326
100.05302488931326
100.05297390931327
100.05292292931325
100.05287194931326
100.05282096931326
100.05276998931326
100.05271900931326
100.05266802931327
100.05261704931326
100.05256606931326
100.05251508931326
100.05246410931326
100.05241312931327
100.05236214931327
100.05231116931326
100.05226018931326
100.05220920931326
100.05215822931326
100.05210724931327
100.05205626931325
100.05200528931326
100.05195430931326
100.05190332931326
100.05185234931326
100.05180136931327
100.05175038931326
100.05169940931326
100.05164842931326
100.05159744931326
100.05154646931327
100.05149548931325
100.05144450931326
100.05139352931326
100.05134254931326
100.05129156931326
100.05124058931327
100.05118960931325
100.05113862931326
100.05108764931326
100.05103666931326
100.05098568931326
100.05093470931327
100.05088372931326
100.05083274931326
100.05078176931326
100.05073078931326
100.05067980931327
100.05062882931325
100.05057784931326
100.05052686931326
100.05047588931326
100.05042490931326
100.05037392931327
100.05032294931326
100.05027196931326
100.05022098931326
100.05017000931326
100.05011902931327
100.05006804931327
100.05001706931326
100.04996608931326
100.04991510931326
100.04986412931326
100.04981314931327
100.04976216931325
100.04971118931326
100.04966020931326
100.04960922931326
100.04955824931326
100.04950726931327
100.04945628931326
100.04940530931326
100.04935432931326
100.04930334931326
100.04925236931327
100.04920138931327
100.04915040931326
100.04909942931326
100.04904844931326
100.04899746931326
100.04894648931327
100.04889550931325
100.04884452931326
100.04879354931326
100.04874256931326
100.04869158931326
100.04864060931327
100.04858962931326
100.04853864931326
100.04848766931326
100.04843668931326
100.04838570931327
100.04833472931325
100.04828374931326
100.04823276931326
100.04818178931326
100.04813080931326
100.04807982931327
100.04802884931325
100.04797786931326
100.04792688931326
100.05681497293546
100.06570218260342
100.07458851839336
100.08347398038113
100.08342300038115
100.08337202038115
100.08332104038115
100.08327006038115
100.08321908038114
100.08316810038114
100.08311712038115
100.08306614038115
100.08301516038115
100.08296418038115
100.08291320038114
100.08286222038114
100.08281124038115
100.08276026038115
100.08270928038115
100.08265830038115
100.08260732038114
100.08255634038115
100.08250536038115
100.08245438038115
100.08240340038115
100.08235242038114
100.08230144038114
100.08225046038115
100.08219948038115
100.08214850038115
100.08209752038115
100.08204654038114
100.08199556038115
100.08194458038115
100.08189360038115
100.08184262038115
100.08179164038116
100.08174066038114
100.08168968038115
100.08163870038115
100.08158772038115
100.08153674038115
100.08148576038114
100.08143478038114
100.08138380038115
100.08133282038115
100.08128184038115
100.08123086038115
100.08117988038114
100.08112890038115
100.08107792038115
100.08102694038115
100.08097596038115
100.08092498038114
100.08087400038114
100.08082302038115
100.08077204038115
100.08072106038115
100.08067008038115
100.08061910038114
100.08056812038114
100.08051714038115
100.08046616038115
100.08041518038115
100.08036420038115
100.08031322038114
100.08026224038115
100.08021126038115
100.08016028038115
100.08010930038115
100.08005832038114
100.08000734038114
100.07995636038115
100.07990538038115
100.07985440038115
100.07980342038115
100.07975244038114
100.07970146038114
100.07965048038115
100.07959950038115
100.07954852038115
100.07949754038115
100.07944656038114
100.07939558038115
100.07934460038115
100.07929362038115
100.07924264038115
100.07919166038114
100.07914068038114
100.07908970038115
100.07903872038115
100.07898774038115
100.07893676038115
100.07888578038114
100.07883480038114
100.07878382038115
100.07873284038115
100.07868186038115
100.07863088038116
100.07857990038114
100.07852892038115
100.07847794038115
100.07842696038115
100.07837598038115
100.07832500038114
100.08720958864257
100.09609330325388
100.10497614429096
100.11385811182963
100.11380713182963
100.11375615182962
100.11370517182962
100.11365419182962
100.11360321182963
100.11355223182963
100.11350125182963
100.11345027182962
100.11339929182962
100.11334831182963
100.11329733182963
100.11324635182963
100.11319537182962
100.11314439182962
100.11309341182962
100.11304243182963
100.11299145182963
100.11294047182963
100.11288949182962
100.11283851182962
100.11278753182962
100.11273655182963
100.11268557182963
100.11263459182962
100.11258361182962
100.11253263182962
100.11248165182963
100.11243067182963
100.11237969182963
100.11232871182962
100.11227773182962
100.11222675182962
100.11217577182963
100.11212479182963
100.11207381182963
100.11202283182962
100.11197185182962
100.11192087182962
100.11186989182963
100.11181891182963
100.11176793182962
100.11171695182962
100.11166597182962
100.11161499182963
100.11156401182963
100.11151303182963
100.11146205182962
100.11141107182962
100.11136009182962
100.11130911182963
100.11125813182963
100.11120715182963
100.11115617182962
100.11110519182962
100.11105421182963
100.11100323182963
100.11095225182963
100.11090127182962
100.11085029182962
100.11079931182962
100.11074833182963
100.11069735182963
100.11064637182963
100.11059539182962
100.11054441182962
100.11049343182962
100.11044245182963
100.11039147182963
100.11034049182963
100.11028951182962
100.11023853182962
100.11018755182963
100.11013657182963
100.11008559182963
100.11003461182962
100.10998363182962
100.10993265182962
100.10988167182963
100.10983069182963
100.10977971182963
100.10972873182962
100.10967775182962
100.10962677182962
100.10957579182963
100.10952481182963
100.10947383182962
100.10942285182962
100.10937187182962
100.10932089182963
100.10926991182963
100.10921893182963
100.10916795182962
100.10911697182962
100.10906599182962
100.10901501182963
100.10896403182963
100.10891305182963
100.10886207182962
100.10881109182962
100.10876011182962
100.10870913182963
100.11759022594552
100.12647044671498
100.13534979421354
100.14422826851722
100.14417728851723
100.14412630851723
100.14407532851723
100.14402434851722
100.14397336851722
100.14392238851723
100.14387140851723
100.13729133868463
100.12418168227865
100.11107158520376
100.09796104741501
100.08485006886778
100.07173864951753
100.0586267893199
100.04551448822978
100.03240174620267
100.01928856319395
100.00617493915892
99.99306087405311
99.97994636783159
99.96683142044967
99.95371603186275
99.94060020202606
99.92748393089511
99.91436721842486
99.90125006457076
99.88813246928787
99.8750144325319
99.86189595425776
99.85531114273259
99.85526016273266
99.85520918273265
99.85515820273265
99.85510722273266
99.85505624273266
99.85500526273266
99.85495428273266
99.85490330273265
99.85485232273265
99.85480134273266
99.85475036273266
99.85469938273266
99.85464840273266
99.85459742273265
99.85454644273266
99.85449546273266
99.85444448273266
99.85439350273266
99.85434252273265
99.85429154273265
99.85424056273266
99.85418958273266
99.85413860273266
99.85408762273266
99.85403664273265
99.85398566273265
99.85393468273266
99.85388370273266
99.85383272273266
99.85378174273265
99.85373076273265
99.85367978273266
99.85362880273266
99.85357782273266
99.85352684273266
99.85347586273265
99.85342488273265
99.85337390273266
99.85332292273266
99.85327194273266
99.85322096273266
99.85316998273265
99.85311900273265
99.85306802273266
99.85301704273266
99.85296606273266
99.85291508273265
99.85286410273265
99.85281312273266
99.85276214273266
99.85271116273266
99.85266018273266
99.85260920273265
99.85255822273265
99.85250724273266
99.85245626273266
99.85240528273266
99.85235430273266
99.85230332273265
99.85225234273265
99.85220136273266
99.85215038273266
99.85209940273266
99.85204842273265
99.85199744273265
99.85194646273266
99.85189548273266
99.85184450273266
99.85179352273266
99.85174254273265
99.85169156273265
99.86059725985572
99.86950208149162
99.87840602771657
99.88730909860686
99.88725811860697
99.88720713860697
99.88715615860697
99.88710517860697
99.88705419860698
99.88700321860696
99.88695223860697
99.88690125860697
99.88685027860697
99.88679929860697
99.88674831860698
99.88669733860696
99.88664635860697
99.88659537860697
99.88654439860697
99.88649341860697
99.88644243860698
99.88639145860697
99.88634047860697
99.88628949860697
99.88623851860697
99.88618753860698
99.88613655860696
99.88608557860697
99.88603459860697
99.88598361860697
99.88593263860697
99.88588165860698
99.88583067860696
99.88577969860697
99.88572871860697
99.88567773860697
99.88562675860697
99.88557577860696
99.88552479860697
99.88547381860697
99.88542283860697
99.88537185860697
99.88532087860698
99.88526989860696
99.88521891860697
99.88516793860697
99.88511695860697
99.88506597860697
99.88501499860698
99.88496401860696
99.88491303860697
99.88486205860697
99.88481107860697
99.88476009860698
99.88470911860696
99.88465813860697
99.88460715860697
99.88455617860697
99.88450519860697
99.88445421860698
99.88440323860696
99.88435225860697
99.88430127860697
99.88425029860697
99.88419931860697
99.88414833860698
99.88409735860697
99.88404637860697
99.88399539860697
99.88394441860697
99.88389343860698
99.88384245860696
99.88379147860697
99.88374049860697
99.88368951860697
99.88363853860697
99.88358755860698
99.88353657860696
99.88348559860697
99.88343461860697
99.88338363860697
99.88333265860697
99.88328167860698
99.88323069860697
99.88317971860697
99.88312873860697
99.88307775860697
99.88302677860698
99.88297579860696
99.88292481860697
99.88287383860697
99.88282285860697
99.88277187860697
99.88272089860698
99.88266991860696
99.88261893860697
99.88256795860697
99.88251697860697
99.88246599860697
99.88241501860696
99.88236403860697
99.88231305860697
99.88226207860697
99.88221109860697
99.88216011860698
99.89106231423871
99.89996363468853
99.90886408003256
99.91776365034667
99.91771267034672
99.91766169034672
99.91761071034671
99.91755973034671
99.91750875034671
99.91745777034672
99.91740679034672
99.9173558103467
99.91730483034671
99.91725385034671
99.91720287034671
99.91715189034672
99.91710091034672
99.9170499303467
99.91699895034671
99.91694797034671
99.91689699034671
99.91684601034672
99.91679503034672
99.91674405034671
99.91669307034671
99.91664209034671
99.91659111034672
99.91654013034672
99.9164891503467
99.91643817034671
99.91638719034671
99.91633621034671
99.91628523034672
99.91623425034672
99.9161832703467
99.91613229034671
99.91608131034671
99.91603033034671
99.91597935034672
99.91592837034672
99.91587739034671
99.91582641034671
99.91577543034671
99.91572445034672
99.91567347034672
99.9156224903467
99.91557151034671
99.91552053034671
99.91546955034671
99.91541857034672
99.91536759034672
99.91531661034671
99.91526563034671
99.91521465034671
99.91516367034671
99.91511269034672
99.9150617103467
99.91501073034671
99.91495975034671
99.91490877034671
99.91485779034672
99.91480681034672
99.9147558303467
99.91470485034671
99.91465387034671
99.91460289034671
99.91455191034672
99.91450093034672
99.91444995034671
99.91439897034671
99.91434799034671
99.91429701034671
99.91424603034672
99.9141950503467
99.91414407034671
99.91409309034671
99.91404211034671
99.91399113034672
99.91394015034672
99.9138891703467
99.91383819034671
99.91378721034671
99.91373623034671
99.91368525034672
99.91363427034672
99.91358329034671
99.91353231034671
99.91348133034671
99.91343035034672
99.91337937034672
99.9133283903467
99.91327741034671
99.91322643034671
99.91317545034671
99.91312447034672
99.91307349034672
99.9130225103467
99.91297153034671
99.91292055034671
99.91286957034671
99.91281859034672
99.91276761034672
99.91271663034671
99.91266565034671
99.91261467034671
99.92151336570717
99.9304111861906
99.93930813187264
99.94820420282971
99.9481532228297
99.9481022428297
99.94805126282971
99.94800028282971
99.9479493028297
99.9478983228297
99.9478473428297
99.9477963628297
99.94774538282971
99.94769440282971
99.9476434228297
99.9475924428297
99.9475414628297
99.9474904828297
99.94743950282971
99.9473885228297
99.9473375428297
99.9472865628297
99.9472355828297
99.94718460282971
99.94713362282971
99.9470826428297
99.9470316628297
99.9469806828297
99.9469297028297
99.94687872282971
99.9468277428297
99.9467767628297
99.9467257828297
99.9466748028297
99.94662382282971
99.94657284282971
99.9465218628297
99.9464708828297
99.9464199028297
99.9463689228297
99.94631794282971
99.94626696282971
99.9462159828297
99.9461650028297
99.9461140228297
99.9460630428297
99.94601206282971
99.9459610828297
99.9459101028297
99.9458591228297
99.9458081428297
99.94575716282971
99.94570618282971
99.9456552028297
99.9456042228297
99.9455532428297
99.9455022628297
99.94545128282971
99.94540030282971
99.9453493228297
99.9452983428297
99.9452473628297
99.9451963828297
99.94514540282971
99.9450944228297
99.9450434428297
99.9449924628297
99.9449414828297
99.94489050282971
99.94483952282971
99.9447885428297
99.9447375628297
99.9446865828297
99.9446356028297
99.94458462282971
99.94453364282971
99.9444826628297
99.9444316828297
99.9443807028297
99.9443297228297
99.94427874282971
99.9442277628297
99.9441767828297
99.9441258028297
99.9440748228297
99.94402384282971
99.94397286282971
99.9439218828297
99.9438709028297
99.9438199228297
99.9437689428297
99.94371796282971
99.9436669828297
99.9436160028297
99.9435650228297
99.9435140428297
99.94346306282971
99.94341208282971
99.9433611028297
99.9433101228297
99.9432591428297
99.9432081628297
99.94315718282971
99.94310620282971
99.9430552228297
99.95195041913783
99.96084474087326
99.96973818811209
99.97863076093027
99.97857978093019
99.97852880093019
99.9784778209302
99.9784268409302
99.9783758609302
99.9783248809302
99.97827390093019
99.9782229209302
99.9781719409302
99.9781209609302
99.9780699809302
99.9780190009302
99.97796802093019
99.9779170409302
99.9778660609302
99.9778150809302
99.9777641009302
99.97771312093019
99.97766214093019
99.9776111609302
99.9775601809302
99.9775092009302
99.9774582209302
99.97740724093019
99.9773562609302
99.9773052809302
99.9772543009302
99.9772033209302
99.9771523409302
99.97710136093019
99.9770503809302
99.9769994009302
99.9769484209302
99.9768974409302
99.97684646093019
99.97679548093019
99.9767445009302
99.9766935209302
99.9766425409302
99.9765915609302
99.97654058093019
99.9764896009302
99.9764386209302
99.9763876409302
99.9763366609302
99.9762856809302
99.97623470093019
99.9761837209302
99.9761327409302
99.9760817609302
99.9760307809302
99.97597980093019
99.97592882093019
99.9758778409302
99.9758268609302
99.9757758809302
99.9757249009302
99.97567392093019
99.9756229409302
99.9755719609302
99.9755209809302
99.9754700009302
99.97541902093019
99.97536804093019
99.9753170609302
99.9752660809302
99.9752151009302
99.9751641209302
99.97511314093019
99.9750621609302
99.9750111809302
99.9749602009302
99.9749092209302
99.9748582409302
99.97480726093019
99.9747562809302
99.9747053009302
99.9746543209302
99.9746033409302
99.97455236093019
99.97450138093019
99.9744504009302
99.9743994209302
99.9743484409302
99.9742974609302
99.97424648093019
99.9741955009302
99.9741445209302
99.9740935409302
99.9740425609302
99.9739915809302
99.97394060093019
99.9738896209302
99.9738386409302
99.9737876609302
99.9737366809302
99.97368570093019
99.97363472093019
99.9735837409302
99.9735327609302
99.9734817809302
99.98237347940389
99.99126430360899
100.00015425362184
100.00904332951825
100.00899234951825
100.00894136951825
100.00889038951826
100.00883940951825
100.00878842951825
100.00873744951825
100.00868646951825
100.00863548951826
100.00858450951824
100.00853352951825
100.00848254951825
100.00843156951825
100.00838058951825
100.00832960951826
100.00827862951824
100.00822764951825
100.00817666951825
100.00812568951825
100.00807470951825
100.00802372951824
100.00797274951825
100.00792176951825
100.00787078951825
100.00781980951825
100.00776882951826
100.00771784951824
100.00766686951825
100.00761588951825
100.00756490951825
100.00751392951825
100.00746294951826
100.00741196951824
100.00736098951825
100.00731000951825
100.00725902951825
100.00720804951825
100.00715706951824
100.00710608951825
100.00705510951825
100.00700412951825
100.00695314951825
100.00690216951826
100.00685118951824
100.00680020951825
100.00674922951825
100.00669824951825
100.00664726951825
100.00659628951826
100.00654530951824
100.00649432951825
100.00644334951825
100.00639236951825
100.00634138951825
100.00629040951824
100.00623942951825
100.00618844951825
100.00613746951825
100.00608648951825
100.00603550951826
100.00598452951824
100.00593354951825
100.00588256951825
100.00583158951825
100.00578060951825
100.00572962951826
100.00567864951825
100.00562766951825
100.00557668951825
100.00552570951825
100.00547472951826
100.00542374951824
100.00537276951825
100.00532178951825
100.00527080951825
100.00521982951825
100.00516884951826
100.00511786951824
100.00506688951825
100.00501590951825
100.00496492951825
100.00491394951825
100.00486296951826
100.00481198951825
100.00476100951825
100.00471002951825
100.00465904951825
100.00460806951826
100.00455708951824
100.00450610951825
100.00445512951825
100.00440414951825
100.00435316951825
100.00430218951826
100.00425120951824
100.00420022951825
100.00414924951825
100.00409826951825
100.00404728951825
100.00399630951824
100.00394532951825
100.00389434951825
100.01278255137423
100.02166987926586
100.03055633326927
100.03944191346008
100.03939093346015
100.03933995346016
100.03928897346016
100.03923799346016
100.03918701346016
100.03913603346015
100.03908505346016
100.03903407346016
100.03898309346016
100.03893211346016
100.03888113346015
100.03883015346015
100.03877917346016
100.03872819346016
100.03867721346016
100.03862623346016
100.03857525346015
100.03852427346015
100.03847329346016
100.03842231346016
100.03837133346016
100.03832035346016
100.03826937346015
100.03821839346016
100.03816741346016
100.03811643346016
100.03806545346016
100.03801447346015
100.03796349346015
100.03791251346016
100.03786153346016
100.03781055346016
100.03775957346016
100.03770859346015
100.03765761346015
100.03760663346016
100.03755565346016
100.03750467346016
100.03745369346017
100.03740271346015
100.03735173346016
100.03730075346016
100.03724977346016
100.03719879346016
100.03714781346015
100.03709683346015
100.03704585346016
100.03699487346016
100.03694389346016
100.03689291346016
100.03684193346015
100.03679095346016
100.03673997346016
100.03668899346016
100.03663801346016
100.03658703346015
100.03653605346015
100.03648507346016
100.03643409346016
100.03638311346016
100.03633213346016
100.03628115346015
100.03623017346015
100.03617919346016
100.03612821346016
100.03607723346016
100.03602625346016
100.03597527346015
100.03592429346016
100.03587331346016
100.03582233346016
100.03577135346016
100.03572037346015
100.03566939346015
100.03561841346016
100.03556743346016
100.03551645346016
100.03546547346016
100.03541449346015
100.03536351346015
100.03531253346016
100.03526155346016
100.03521057346016
100.03515959346016
100.03510861346015
100.03505763346016
100.03500665346016
100.03495567346016
100.03490469346016
100.03485371346015
100.03480273346015
100.03475175346016
100.03470077346016
100.03464979346016
100.03459881346016
100.03454783346015
100.03449685346015
100.03444587346016
100.03439489346016
100.03434391346016
100.03429293346016
100.04317763991462
100.05206147270839
100.06094443191775
100.06982651761837
100.06977553761845
100.06972455761844
100.06967357761845
100.06962259761845
100.06957161761845
100.06952063761845
100.06946965761846
100.06941867761844
100.06936769761845
100.06931671761845
100.06926573761845
100.06921475761845
100.06916377761846
100.06911279761844
100.06906181761845
100.06901083761845
100.06895985761845
100.06890887761845
100.06885789761844
100.06880691761845
100.06875593761845
100.06870495761845
100.06865397761845
100.06860299761846
100.06855201761844
100.06850103761845
100.06845005761845
100.06839907761845
100.06834809761845
100.06829711761844
100.06824613761844
100.06819515761845
100.06814417761845
100.06809319761845
100.06804221761845
100.06799123761844
100.06794025761845
100.06788927761845
100.06783829761845
100.06778731761845
100.06773633761846
100.06768535761844
100.06763437761845
100.06758339761845
100.06753241761845
100.06748143761845
100.06743045761844
100.06737947761845
100.06732849761845
100.06727751761845
100.06722653761845
100.06717555761846
100.06712457761844
100.06707359761845
100.06702261761845
100.06697163761845
100.06692065761845
100.06686967761846
100.06681869761844
100.06676771761845
100.06671673761845
100.06666575761845
100.06661477761845
100.06656379761844
100.06651281761845
100.06646183761845
100.06641085761845
100.06635987761845
100.06630889761846
100.06625791761844
100.06620693761845
100.06615595761845
100.06610497761845
100.06605399761845
100.06600301761846
100.06595203761844
100.06590105761845
100.06585007761845
100.06579909761845
100.06574811761845
100.06569713761844
100.06564615761845
100.06559517761845
100.06554419761845
100.06549321761845
100.06544223761846
100.06539125761844
100.06534027761845
100.06528929761845
100.06523831761845
100.06518733761845
100.06513635761844
100.06508537761844
100.06503439761845
100.06498341761845
100.06493243761845
100.06488145761845
100.06483047761844
100.06477949761845
100.06472851761845
100.06467753761845
100.0735587498862
100.08243908879719
100.09131855442698
100.10019714685153
100.10014616685147
100.10009518685148
100.10004420685148
100.09999322685147
100.09994224685147
100.09989126685147
100.09984028685147
100.09978930685148
100.09973832685148
100.09968734685147
100.09963636685147
100.09958538685147
100.09953440685148
100.09948342685148
100.09943244685148
100.09938146685147
100.09933048685147
100.09927950685147
100.09922852685148
100.09917754685148
100.09912656685147
100.09907558685147
100.09902460685147
100.09897362685147
100.09892264685148
100.09887166685148
100.09882068685147
100.09876970685147
100.09871872685147
100.09866774685148
100.09861676685148
100.09856578685148
100.09851480685147
100.09846382685147
100.09841284685147
100.09836186685148
100.09831088685148
100.09825990685147
100.09820892685147
100.09815794685147
100.09810696685147
100.09805598685148
100.09800500685148
100.09795402685147
100.09790304685147
100.09785206685147
100.09780108685148
100.09775010685148
100.09769912685148
100.09764814685147
100.09759716685147
100.09754618685147
100.09749520685148
100.09744422685148
100.09739324685147
100.09734226685147
100.09729128685147
100.09724030685148
100.09718932685148
100.09713834685148
100.09708736685147
100.09703638685147
100.09698540685147
100.09693442685148
100.09688344685148
100.09683246685147
100.09678148685147
100.09673050685147
100.09667952685147
100.09662854685148
100.09657756685148
100.09652658685147
100.09647560685147
100.09642462685147
100.09637364685148
100.09632266685148
100.09627168685148
100.09622070685147
100.09616972685147
100.09611874685147
100.09606776685148
100.09601678685148
100.09596580685147
100.09591482685147
100.09586384685147
100.09581286685147
100.09576188685148
100.09571090685148
100.09565992685147
100.09560894685147
100.09555796685147
100.09550698685148
100.09545600685148
100.09540502685148
100.09535404685147
100.09530306685147
100.09525208685147
100.09520110685148
100.09515012685148
100.09509914685147
100.09504816685147
100.1039258861466
100.11280273238827
100.12167870565204
100.13055380601405
100.13050282601415
100.13045184601415
100.13040086601416
100.13034988601416
100.13029890601416
100.13024792601416
100.13019694601415
100.13014596601415
100.13009498601416
100.13004400601416
100.12999302601416
100.12994204601415
100.12989106601415
100.12984008601416
100.12978910601416
100.12973812601416
100.12968714601416
100.12963616601415
100.12958518601415
100.12953420601416
100.12948322601416
100.12943224601416
100.12938126601415
100.12933028601415
100.12927930601415
100.12922832601416
100.12917734601416
100.12912636601416
100.12907538601415
100.12902440601415
100.12897342601416
100.12892244601416
100.12887146601416
100.12882048601416
100.12876950601415
100.12871852601415
100.12866754601416
100.12861656601416
100.12856558601416
100.12851460601415
100.12846362601415
100.12841264601416
100.12836166601416
100.12831068601416
100.12825970601416
100.12820872601415
100.12815774601415
100.12810676601416
100.12805578601416
100.12800480601416
100.12795382601416
100.12790284601415
100.12785186601415
100.12780088601416
100.12774990601416
100.12769892601416
100.12764794601415
100.12759696601415
100.12754598601416
100.12749500601416
100.12744402601416
100.12739304601416
100.12081355820261
100.10770506594193
100.09459613313
100.08148675972205
100.06837694567375
100.05526669094029
100.04215599547712
100.02904485923966
100.01593328218294
100.00282126426296
99.98970880543436
99.97659590565306
99.96348256487418
99.95036878305291
99.9372545601448
99.92413989610505
99.91102479088897
99.8979092444518
99.88479325674892
99.87167682773564
99.85855995736732
99.84544264559912
99.83885841736371
99.8388074373638
99.8387564573638
99.8387054773638
99.8386544973638
99.83860351736381
99.8385525373638
99.8385015573638
99.8384505773638
99.8383995973638
99.8383486173638
99.83829763736381
99.8382466573638
99.8381956773638
99.8381446973638
99.8380937173638
99.8380427373638
99.84694505950232
99.85584650644805
99.86474707827672
99.87364677506467
99.87359579506473
99.87354481506473
99.87349383506472
99.87344285506472
99.87339187506473
99.87334089506473
99.87328991506473
99.87323893506473
99.87318795506472
99.87313697506472
99.87308599506473
99.87303501506473
99.87298403506473
99.87293305506472
99.87288207506472
99.87283109506473
99.87278011506473
99.87272913506473
99.87267815506473
99.87262717506472
99.87257619506472
99.87252521506473
99.87247423506473
99.87242325506473
99.87237227506473
99.87232129506472
99.87227031506472
99.87221933506473
99.87216835506473
99.87211737506473
99.87206639506472
99.87201541506472
99.87196443506473
99.87191345506473
99.87186247506473
99.87181149506473
99.87176051506472
99.87170953506472
99.87165855506473
99.87160757506473
99.87155659506473
99.87150561506473
99.87145463506472
99.87140365506473
99.87135267506473
99.87130169506473
99.87125071506473
99.87119973506472
99.87114875506472
99.87109777506473
99.87104679506473
99.87099581506473
99.87094483506473
99.87089385506472
99.87084287506472
99.87079189506473
99.87074091506473
99.87068993506473
99.87063895506472
99.87058797506472
99.87053699506473
99.87048601506473
99.87043503506473
99.87038405506473
99.87033307506472
99.87028209506472
99.87023111506473
99.87018013506473
99.87012915506473
99.87007817506473
99.87002719506472
99.86997621506472
99.86992523506473
99.86987425506473
99.86982327506473
99.86977229506472
99.86972131506472
99.86967033506473
99.86961935506473
99.86956837506473
99.86951739506473
99.86946641506472
99.86941543506472
99.86936445506473
99.86931347506473
99.86926249506473
99.86921151506473
99.86916053506472
99.86910955506472
99.86905857506473
99.86900759506473
99.86895661506473
99.86890563506472
99.86885465506472
99.86880367506473
99.86875269506473
99.86870171506473
99.86865073506473
99.86859975506472
99.86854877506472
99.86849779506473
99.87739661688784
99.88629456382279
99.89519163594542
99.90408783333228
99.90403685333222
99.90398587333222
99.90393489333222
99.90388391333222
99.90383293333221
99.90378195333221
99.90373097333222
99.90367999333222
99.90362901333222
99.90357803333222
99.90352705333221
99.90347607333221
99.90342509333222
99.90337411333222
99.90332313333222
99.90327215333222
99.90322117333221
99.90317019333222
99.90311921333222
99.90306823333222
99.90301725333222
99.90296627333221
99.90291529333221
99.90286431333222
99.90281333333222
99.90276235333222
99.90271137333222
99.90266039333221
99.90260941333221
99.90255843333222
99.90250745333222
99.90245647333222
99.90240549333221
99.90235451333221
99.90230353333222
99.90225255333222
99.90220157333222
99.90215059333222
99.90209961333221
99.90204863333221
99.90199765333222
99.90194667333222
99.90189569333222
99.90184471333222
99.90179373333221
99.90174275333221
99.90169177333222
99.90164079333222
99.90158981333222
99.90153883333221
99.90148785333221
99.90143687333222
99.90138589333222
99.90133491333222
99.90128393333222
99.90123295333221
99.90118197333221
99.90113099333222
99.90108001333222
99.90102903333222
99.90097805333222
99.90092707333221
99.90087609333222
99.90082511333222
99.90077413333222
99.90072315333222
99.90067217333221
99.90062119333221
99.90057021333222
99.90051923333222
99.90046825333222
99.90041727333222
99.90036629333221
99.90031531333221
99.90026433333222
99.90021335333222
99.90016237333222
99.90011139333222
99.90006041333221
99.90000943333222
99.89995845333222
99.89990747333222
99.89985649333222
99.89980551333221
99.89975453333221
99.89970355333222
99.89965257333222
99.89960159333222
99.89955061333222
99.89949963333221
99.89944865333221
99.89939767333222
99.89934669333222
99.89929571333222
99.89924473333221
99.89919375333221
99.89914277333222
99.89909179333222
99.89904081333222
99.89898983333222
99.89893885333221
99.90783417605915
99.91672862420215
99.92562219783754
99.93451489704134
99.93446391704136
99.93441293704134
99.93436195704135
99.93431097704135
99.93425999704135
99.93420901704135
99.93415803704134
99.93410705704135
99.93405607704135
99.93400509704135
99.93395411704135
99.93390313704136
99.93385215704134
99.93380117704135
99.93375019704135
99.93369921704135
99.93364823704135
99.93359725704136
99.93354627704134
99.93349529704135
99.93344431704135
99.93339333704135
99.93334235704135
99.93329137704134
99.93324039704135
99.93318941704135
99.93313843704135
99.93308745704135
99.93303647704136
99.93298549704134
99.93293451704135
99.93288353704135
99.93283255704135
99.93278157704135
99.93273059704136
99.93267961704134
99.93262863704135
99.93257765704135
99.93252667704135
99.93247569704135
99.93242471704134
99.93237373704135
99.93232275704135
99.93227177704135
99.93222079704135
99.93216981704136
99.93211883704134
99.93206785704135
99.93201687704135
99.93196589704135
99.93191491704135
99.93186393704134
99.93181295704134
99.93176197704135
99.93171099704135
99.93166001704135
99.93160903704135
99.93155805704134
99.93150707704135
99.93145609704135
99.93140511704135
99.93135413704135
99.93130315704136
99.93125217704134
99.93120119704135
99.93115021704135
99.93109923704135
99.93104825704135
99.93099727704134
99.93094629704134
99.93089531704135
99.93084433704135
99.93079335704135
99.93074237704135
99.93069139704134
99.93064041704135
99.93058943704135
99.93053845704135
99.93048747704135
99.93043649704136
99.93038551704134
99.93033453704135
99.93028355704135
99.93023257704135
99.93018159704135
99.93013061704134
99.93007963704135
99.93002865704135
99.92997767704135
99.92992669704135
99.92987571704136
99.92982473704134
99.92977375704135
99.92972277704135
99.92967179704135
99.92962081704135
99.92956983704136
99.92951885704134
99.92946787704135
99.92941689704135
99.92936591704135
99.93825774188953
99.94714869245857
99.95603876882394
99.96492797106202
99.96487699106217
99.96482601106217
99.96477503106217
99.96472405106216
99.96467307106217
99.96462209106217
99.96457111106217
99.96452013106217
99.96446915106218
99.96441817106216
99.96436719106217
99.96431621106217
99.96426523106217
99.96421425106217
99.96416327106216
99.96411229106216
99.96406131106217
99.96401033106217
99.96395935106217
99.96390837106217
99.96385739106216
99.96380641106217
99.96375543106217
99.96370445106217
99.96365347106217
99.96360249106216
99.96355151106216
99.96350053106217
99.96344955106217
99.96339857106217
99.96334759106217
99.96329661106216
99.96324563106216
99.96319465106217
99.96314367106217
99.96309269106217
99.96304171106217
99.96299073106216
99.96293975106217
99.96288877106217
99.96283779106217
99.96278681106217
99.96273583106216
99.96268485106216
99.96263387106217
99.96258289106217
99.96253191106217
99.96248093106217
99.96242995106216
99.96237897106217
99.96232799106217
99.96227701106217
99.96222603106217
99.96217505106218
99.96212407106216
99.96207309106217
99.96202211106217
99.96197113106217
99.96192015106217
99.96186917106216
99.96181819106216
99.96176721106217
99.96171623106217
99.96166525106217
99.96161427106217
99.96156329106216
99.96151231106217
99.96146133106217
99.96141035106217
99.96135937106217
99.96130839106218
99.96125741106216
99.96120643106217
99.96115545106217
99.96110447106217
99.96105349106217
99.96100251106216
99.96095153106216
99.96090055106217
99.96084957106217
99.96079859106217
99.96074761106217
99.96069663106216
99.96064565106217
99.96059467106217
99.96054369106217
99.96049271106217
99.96044173106216
99.96039075106216
99.96033977106217
99.96028879106217
99.96023781106217
99.96018683106217
99.96013585106216
99.96008487106216
99.96003389106217
99.95998291106217
99.95993193106217
99.95988095106217
99.95982997106216
99.95977899106217
99.96866731924884
99.97755477346028
99.98644135377232
99.99532706026088
99.99527608026085
99.99522510026085
99.99517412026086
99.99512314026086
99.99507216026086
99.99502118026085
99.99497020026085
99.99491922026085
99.99486824026086
99.99481726026086
99.99476628026086
99.99471530026085
99.99466432026085
99.99461334026086
99.99456236026086
99.99451138026086
99.99446040026085
99.99440942026085
99.99435844026085
99.99430746026086
99.99425648026086
99.99420550026086
99.99415452026085
99.99410354026085
99.99405256026085
99.99400158026086
99.99395060026086
99.99389962026086
99.99384864026085
99.99379766026085
99.99374668026086
99.99369570026086
99.99364472026086
99.99359374026085
99.99354276026085
99.99349178026085
99.99344080026086
99.99338982026086
99.99333884026086
99.99328786026085
99.99323688026085
99.99318590026085
99.99313492026086
99.99308394026086
99.99303296026086
99.99298198026085
99.99293100026085
99.99288002026086
99.99282904026086
99.99277806026086
99.99272708026085
99.99267610026085
99.99262512026085
99.99257414026086
99.99252316026086
99.99247218026086
99.99242120026085
99.99237022026085
99.99231924026085
99.99226826026086
99.99221728026086
99.99216630026085
99.99211532026085
99.99206434026085
99.99201336026086
99.99196238026086
99.99191140026086
99.99186042026085
99.99180944026085
99.99175846026085
99.99170748026086
99.99165650026086
99.99160552026086
99.99155454026085
99.99150356026085
99.99145258026086
99.99140160026086
99.99135062026086
99.99129964026085
99.99124866026085
99.99119768026085
99.99114670026086
99.99109572026086
99.99104474026086
99.99099376026085
99.99094278026085
99.99089180026085
99.99084082026086
99.99078984026086
99.99073886026086
99.99068788026085
99.99063690026085
99.99058592026086
99.99053494026086
99.99048396026086
99.99043298026085
99.99038200026085
99.99033102026085
99.99028004026086
99.99022906026086
99.99017808026086
99.99906291300218
100.007946872072
100.01682995754625
100.02571216950061
100.02566118950072
100.02561020950073
100.02555922950071
100.02550824950072
100.02545726950072
100.02540628950072
100.02535530950072
100.02530432950071
100.02525334950072
100.02520236950072
100.02515138950072
100.02510040950072
100.02504942950073
100.02499844950071
100.02494746950072
100.02489648950072
100.02484550950072
100.02479452950072
100.02474354950071
100.02469256950071
100.02464158950072
100.02459060950072
100.02453962950072
100.02448864950073
100.02443766950071
100.02438668950072
100.02433570950072
100.02428472950072
100.02423374950072
100.02418276950073
100.02413178950071
100.02408080950072
100.02402982950072
100.02397884950072
100.02392786950072
100.02387688950071
100.02382590950072
100.02377492950072
100.02372394950072
100.02367296950072
100.02362198950073
100.02357100950071
100.02352002950072
100.02346904950072
100.02341806950072
100.02336708950072
100.02331610950073
100.02326512950071
100.02321414950072
100.02316316950072
100.02311218950072
100.02306120950072
100.02301022950071
100.02295924950072
100.02290826950072
100.02285728950072
100.02280630950072
100.02275532950073
100.02270434950071
100.02265336950072
100.02260238950072
100.02255140950072
100.02250042950072
100.02244944950073
100.02239846950071
100.02234748950072
100.02229650950072
100.02224552950072
100.02219454950072
100.02214356950071
100.02209258950072
100.02204160950072
100.02199062950072
100.02193964950072
100.02188866950073
100.02183768950071
100.02178670950072
100.02173572950072
100.02168474950072
100.02163376950072
100.02158278950073
100.02153180950071
100.02148082950072
100.02142984950072
100.02137886950072
100.02132788950072
100.02127690950071
100.02122592950072
100.02117494950072
100.02112396950072
100.02107298950072
100.02102200950073
100.02097102950071
100.02092004950072
100.02086906950072
100.02081808950072
100.02076710950072
100.02071612950071
100.02066514950072
100.02061416950072
100.02056318950072
100.02944452801147
100.03832499315439
100.04720458500528
100.05608330363991
100.05603232363981
100.05598134363981
100.05593036363982
100.05587938363982
100.05582840363981
100.05577742363981
100.05572644363981
100.05567546363982
100.05562448363982
100.0555735036398
100.05552252363981
100.05547154363981
100.05542056363981
100.05536958363982
100.05531860363982
100.0552676236398
100.05521664363981
100.05516566363981
100.05511468363981
100.05506370363982
100.05501272363982
100.05496174363981
100.05491076363981
100.05485978363981
100.05480880363982
100.05475782363982
100.0547068436398
100.05465586363981
100.05460488363981
100.05455390363981
100.05450292363982
100.05445194363982
100.05440096363981
100.05434998363981
100.05429900363981
100.05424802363981
100.05419704363982
100.05414606363982
100.05409508363981
100.05404410363981
100.05399312363981
100.05394214363982
100.05389116363982
100.0538401836398
100.05378920363981
100.05373822363981
100.05368724363981
100.05363626363982
100.05358528363982
100.05353430363981
100.05348332363981
100.05343234363981
100.05338136363982
100.05333038363982
100.0532794036398
100.05322842363981
100.05317744363981
100.05312646363981
100.05307548363982
100.05302450363982
100.0529735236398
100.05292254363981
100.05287156363981
100.05282058363981
100.05276960363982
100.05271862363982
100.05266764363981
100.05261666363981
100.05256568363981
100.05251470363982
100.05246372363982
100.0524127436398
100.05236176363981
100.05231078363981
100.05225980363981
100.05220882363982
100.05215784363982
100.0521068636398
100.05205588363981
100.05200490363981
100.05195392363981
100.05190294363982
100.05185196363982
100.05180098363981
100.05175000363981
100.05169902363981
100.05164804363982
100.05159706363982
100.0515460836398
100.05149510363981
100.05144412363981
100.05139314363981
100.05134216363982
100.05129118363982
100.05124020363981
100.05118922363981
100.05113824363981
100.05108726363981
100.05103628363982
100.05098530363982
100.05093432363981
100.05981216913415
100.06868914156394
100.0775652410051
100.08644046753328
100.08638948753327
100.08633850753327
100.08628752753327
100.08623654753328
100.08618556753328
100.08613458753328
100.08608360753327
100.08603262753327
100.08598164753327
100.08593066753328
100.08587968753328
100.08582870753328
100.08577772753327
100.08572674753327
100.08567576753327
100.08562478753328
100.08557380753328
100.08552282753327
100.08547184753327
100.08542086753327
100.08536988753328
100.08531890753328
100.08526792753328
100.08521694753327
100.08516596753327
100.08511498753327
100.08506400753328
100.08501302753328
100.08496204753327
100.08491106753327
100.08486008753327
100.08480910753327
100.08475812753328
100.08470714753328
100.08465616753327
100.08460518753327
100.08455420753327
100.08450322753328
100.08445224753328
100.08440126753328
100.08435028753327
100.08429930753327
100.08424832753327
100.08419734753328
100.08414636753328
100.08409538753327
100.08404440753327
100.08399342753327
100.08394244753327
100.08389146753328
100.08384048753328
100.08378950753327
100.08373852753327
100.08368754753327
100.08363656753328
100.08358558753328
100.08353460753328
100.08348362753327
100.08343264753327
100.08338166753327
100.08333068753328
100.08327970753328
100.08322872753327
100.08317774753327
100.08312676753327
100.08307578753328
100.08302480753328
100.08297382753328
100.08292284753327
100.08287186753327
100.08282088753327
100.08276990753328
100.08271892753328
100.08266794753328
100.08261696753327
100.08256598753327
100.08251500753327
100.08246402753328
100.08241304753328
100.08236206753327
100.08231108753327
100.08226010753327
100.08220912753328
100.08215814753328
100.08210716753328
100.08205618753327
100.08200520753327
100.08195422753327
100.08190324753328
100.08185226753328
100.08180128753327
100.08175030753327
100.08169932753327
100.08164834753327
100.08159736753328
100.08154638753328
100.08149540753327
100.08144442753327
100.08139344753327
100.08134246753328
100.08129148753328
100.09016584122426
100.09903932215376
100.1079119303978
100.11678366603184
100.11673268603167
100.11668170603167
100.11663072603166
100.11657974603166
100.11652876603166
100.11647778603167
100.11642680603167
100.11637582603167
100.11632484603166
100.11627386603166
100.11622288603166
100.11617190603167
100.11612092603167
100.11606994603167
100.11601896603166
100.11596798603166
100.11591700603167
100.11586602603167
100.11581504603167
100.11576406603166
100.11571308603166
100.11566210603166
100.11561112603167
100.11556014603167
100.11550916603167
100.11545818603166
100.11540720603166
100.11535622603166
100.11530524603167
100.11525426603167
100.11520328603167
100.11515230603166
100.11510132603166
100.11505034603167
100.11499936603167
100.11494838603167
100.11489740603166
100.11484642603166
100.11479544603166
100.11474446603167
100.11469348603167
100.11464250603167
100.11459152603166
100.11454054603166
100.11448956603166
100.11443858603167
100.11438760603167
100.11433662603167
100.11428564603166
100.11423466603166
100.11418368603167
100.11413270603167
100.11408172603167
100.11403074603166
100.11397976603166
100.11392878603166
100.11387780603167
100.11382682603167
100.11377584603167
100.11372486603166
100.11367388603166
100.11362290603167
100.11357192603167
100.11352094603167
100.11346996603166
100.11341898603166
100.11336800603166
100.11331702603167
100.11326604603167
100.11321506603167
100.11316408603166
100.11311310603166
100.11306212603166
100.11301114603167
100.11296016603167
100.11290918603167
100.11285820603166
100.11280722603166
100.11275624603167
100.11270526603167
100.11265428603167
100.11260330603166
100.11255232603166
100.11250134603166
100.11245036603167
100.11239938603167
100.11234840603167
100.11229742603166
100.11224644603166
100.11219546603166
100.11214448603167
100.11209350603167
100.11204252603167
100.11199154603166
100.11194056603166
100.11188958603167
100.11183860603167
100.11178762603167
100.11173664603166
100.11168566603166
100.11163468603166
100.12050554913156
100.12937553977281
100.13824465803113
100.14711290398222
100.1470619239823
100.14701094398231
100.14695996398231
100.14690898398231
100.14685800398232
100.1468070239823
100.14675604398231
100.14670506398231
100.14665408398231
100.14660310398232
100.1465521239823
100.1465011439823
100.13992283819347
100.126816710188
100.11371014187041
100.10060313319632
100.08749568412117
100.07438779460009
100.06127946458889
100.04817069404261
100.03506148291709
100.02195183116736
100.00884173874901
99.99573120561737
99.98262023172775
99.96950881703573
99.95639696149624
99.94328466506525
99.93017192769764
99.91705874934881
99.90394512997433
99.89083106952936
99.87771656796913
99.86460162524908
99.8580185816128
99.85796760161283
99.85791662161283
99.85786564161283
99.85781466161282
99.85776368161282
99.85771270161283
99.85766172161283
99.85761074161283
99.85755976161283
99.85750878161282
99.85745780161282
99.85740682161283
99.85735584161283
99.85730486161283
99.85725388161283
99.85720290161282
99.85715192161283
99.85710094161283
99.85704996161283
99.85699898161283
99.85694800161282
99.85689702161282
99.85684604161283
99.85679506161283
99.85674408161283
99.85669310161283
99.85664212161282
99.85659114161282
99.85654016161283
99.85648918161283
99.85643820161283
99.85638722161283
99.85633624161282
99.85628526161283
99.85623428161283
99.85618330161283
99.85613232161283
99.85608134161282
99.85603036161282
99.85597938161283
99.85592840161283
99.85587742161283
99.85582644161283
99.85577546161282
99.85572448161282
99.85567350161283
99.85562252161283
99.85557154161283
99.85552056161283
99.85546958161282
99.85541860161283
99.85536762161283
99.85531664161283
99.85526566161283
99.85521468161282
99.85516370161282
99.85511272161283
99.85506174161283
99.85501076161283
99.85495978161283
99.85490880161282
99.85485782161282
99.85480684161283
99.85475586161283
99.85470488161283
99.85465390161282
99.8635493672386
99.87244395826811
99.88133767477747
99.8902305168428
99.8901795368428
99.89012855684278
99.89007757684278
99.89002659684279
99.88997561684279
99.88992463684279
99.8898736568428
99.88982267684278
99.88977169684279
99.88972071684279
99.88966973684279
99.8896187568428
99.88956777684278
99.88951679684278
99.88946581684279
99.88941483684279
99.88936385684279
99.8893128768428
99.88926189684278
99.88921091684279
99.88915993684279
99.88910895684279
99.88905797684279
99.8890069968428
99.88895601684278
99.88890503684279
99.88885405684279
99.88880307684279
99.8887520968428
99.88870111684278
99.88865013684278
99.88859915684279
99.88854817684279
99.88849719684279
99.8884462168428
99.88839523684278
99.88834425684279
99.88829327684279
99.88824229684279
99.88819131684279
99.8881403368428
99.88808935684278
99.88803837684279
99.88798739684279
99.88793641684279
99.8878854368428
99.88783445684278
99.88778347684278
99.88773249684279
99.88768151684279
99.88763053684279
99.8875795568428
99.88752857684278
99.88747759684279
99.88742661684279
99.88737563684279
99.8873246568428
99.88727367684278
99.88722269684278
99.88717171684279
99.88712073684279
99.88706975684279
99.8870187768428
99.88696779684278
99.88691681684278
99.88686583684279
99.88681485684279
99.88676387684279
99.8867128968428
99.88666191684278
99.88661093684279
99.88655995684279
99.88650897684279
99.8864579968428
99.88640701684278
99.88635603684278
99.88630505684279
99.88625407684279
99.88620309684279
99.8861521168428
99.88610113684278
99.88605015684278
99.88599917684279
99.88594819684279
99.88589721684279
99.8858462368428
99.88579525684278
99.88574427684279
99.88569329684279
99.88564231684279
99.8855913368428
99.88554035684278
99.88548937684278
99.88543839684279
99.88538741684279
99.88533643684279
99.8852854568428
99.88523447684278
99.88518349684279
99.88513251684279
99.88508153684279
99.89397350454034
99.90286459794595
99.91175481713566
99.92064416218555
99.92059318218554
99.92054220218554
99.92049122218555
99.92044024218553
99.92038926218554
99.92033828218554
99.92028730218554
99.92023632218554
99.92018534218555
99.92013436218554
99.92008338218554
99.92003240218554
99.91998142218554
99.91993044218555
99.91987946218553
99.91982848218554
99.91977750218554
99.91972652218554
99.91967554218554
99.91962456218555
99.91957358218554
99.91952260218554
99.91947162218554
99.91942064218554
99.91936966218555
99.91931868218555
99.91926770218554
99.91921672218554
99.91916574218554
99.91911476218554
99.91906378218555
99.91901280218553
99.91896182218554
99.91891084218554
99.91885986218554
99.91880888218554
99.91875790218555
99.91870692218554
99.91865594218554
99.91860496218554
99.91855398218554
99.91850300218555
99.91845202218555
99.91840104218554
99.91835006218554
99.91829908218554
99.91824810218554
99.91819712218555
99.91814614218553
99.91809516218554
99.91804418218554
99.91799320218554
99.91794222218554
99.91789124218555
99.91784026218554
99.91778928218554
99.91773830218554
99.91768732218554
99.91763634218555
99.91758536218555
99.91753438218554
99.91748340218554
99.91743242218554
99.91738144218554
99.91733046218555
99.91727948218553
99.91722850218554
99.91717752218554
99.91712654218554
99.91707556218554
99.91702458218555
99.91697360218554
99.91692262218554
99.91687164218554
99.91682066218554
99.91676968218555
99.91671870218555
99.91666772218554
99.91661674218554
99.91656576218554
99.91651478218554
99.91646380218555
99.91641282218553
99.91636184218554
99.91631086218554
99.91625988218554
99.91620890218555
99.91615792218555
99.91610694218554
99.91605596218554
99.91600498218554
99.91595400218554
99.91590302218555
99.91585204218553
99.91580106218554
99.91575008218554
99.91569910218554
99.91564812218554
99.91559714218555
99.91554616218554
99.91549518218554
99.9243836531718
99.93327125017024
99.94215797325688
99.95104382250777
99.95099284250776
99.95094186250776
99.95089088250776
99.95083990250777
99.95078892250777
99.95073794250776
99.95068696250776
99.95063598250776
99.95058500250776
99.95053402250777
99.95048304250777
99.95043206250776
99.95038108250776
99.95033010250776
99.95027912250777
99.95022814250777
99.95017716250777
99.95012618250776
99.95007520250776
99.95002422250776
99.94997324250777
99.94992226250777
99.94987128250776
99.94982030250776
99.94976932250776
99.94971834250777
99.94966736250777
99.94961638250777
99.94956540250776
99.94951442250776
99.94946344250776
99.94941246250777
99.94936148250777
99.94931050250777
99.94925952250776
99.94920854250776
99.94915756250776
99.94910658250777
99.94905560250777
99.94900462250776
99.94895364250776
99.94890266250776
99.94885168250777
99.94880070250777
99.94874972250777
99.94869874250776
99.94864776250776
99.94859678250776
99.94854580250777
99.94849482250777
99.94844384250776
99.94839286250776
99.94834188250776
99.94829090250776
99.94823992250777
99.94818894250777
99.94813796250776
99.94808698250776
99.94803600250776
99.94798502250777
99.94793404250777
99.94788306250777
99.94783208250776
99.94778110250776
99.94773012250776
99.94767914250777
99.94762816250777
99.94757718250776
99.94752620250776
99.94747522250776
99.94742424250776
99.94737326250777
99.94732228250777
99.94727130250776
99.94722032250776
99.94716934250776
99.94711836250777
99.94706738250777
99.94701640250777
99.94696542250776
99.94691444250776
99.94686346250776
99.94681248250777
99.94676150250777
99.94671052250776
99.94665954250776
99.94660856250776
99.94655758250777
99.94650660250777
99.94645562250777
99.94640464250776
99.94635366250776
99.94630268250776
99.94625170250777
99.94620072250777
99.94614974250777
99.94609876250776
99.94604778250776
99.94599680250776
99.94594582250777
99.94589484250777
99.95477981799874
99.96366391980588
99.97254714800485
99.98142950267214
99.98137852267203
99.98132754267203
99.98127656267202
99.98122558267202
99.98117460267203
99.98112362267203
99.98107264267203
99.98102166267203
99.98097068267202
99.98091970267203
99.98086872267203
99.98081774267203
99.98076676267203
99.98071578267202
99.98066480267202
99.98061382267203
99.98056284267203
99.98051186267203
99.98046088267203
99.98040990267202
99.98035892267202
99.98030794267203
99.98025696267203
99.98020598267203
99.98015500267202
99.98010402267202
99.98005304267203
99.98000206267203
99.97995108267203
99.97990010267203
99.97984912267202
99.97979814267202
99.97974716267203
99.97969618267203
99.97964520267203
99.97959422267203
99.97954324267202
99.97949226267203
99.97944128267203
99.97939030267203
99.97933932267203
99.97928834267202
99.97923736267202
99.97918638267203
99.97913540267203
99.97908442267203
99.97903344267203
99.97898246267202
99.97893148267202
99.97888050267203
99.97882952267203
99.97877854267203
99.97872756267203
99.97867658267202
99.97862560267203
99.97857462267203
99.97852364267203
99.97847266267203
99.97842168267202
99.97837070267202
99.97831972267203
99.97826874267203
99.97821776267203
99.97816678267203
99.97811580267202
99.97806482267202
99.97801384267203
99.97796286267203
99.97791188267203
99.97786090267203
99.97780992267202
99.97775894267203
99.97770796267203
99.97765698267203
99.97760600267203
99.97755502267202
99.97750404267202
99.97745306267203
99.97740208267203
99.97735110267203
99.97730012267203
99.97724914267202
99.97719816267202
99.97714718267203
99.97709620267203
99.97704522267203
99.97699424267203
99.97694326267202
99.97689228267203
99.97684130267203
99.97679032267203
99.97673934267203
99.97668836267202
99.97663738267202
99.97658640267203
99.97653542267203
99.97648444267203
99.97643346267203
99.97638248267202
99.97633150267202
99.97628052267203
99.9851620038831
99.99404261171375
100.00292234624007
100.01180120753776
100.01175022753776
100.01169924753776
100.01164826753777
100.01159728753777
100.01154630753776
100.01149532753776
100.01144434753776
100.01139336753776
100.01134238753777
100.01129140753777
100.01124042753776
100.01118944753776
100.01113846753776
100.01108748753776
100.01103650753777
100.01098552753776
100.01093454753776
100.01088356753776
100.01083258753776
100.01078160753777
100.01073062753777
100.01067964753776
100.01062866753776
100.01057768753776
100.01052670753776
100.01047572753777
100.01042474753777
100.01037376753776
100.01032278753776
100.01027180753776
100.01022082753776
100.01016984753777
100.01011886753776
100.01006788753776
100.01001690753776
100.00996592753776
100.00991494753777
100.00986396753777
100.00981298753776
100.00976200753776
100.00971102753776
100.00966004753776
100.00960906753777
100.00955808753777
100.00950710753776
100.00945612753776
100.00940514753776
100.00935416753777
100.00930318753777
100.00925220753776
100.00920122753776
100.00915024753776
100.00909926753776
100.00904828753777
100.00899730753777
100.00894632753776
100.00889534753776
100.00884436753776
100.00879338753776
100.00874240753777
100.00869142753776
100.00864044753776
100.00858946753776
100.00853848753776
100.00848750753777
100.00843652753777
100.00838554753776
100.00833456753776
100.00828358753776
100.00823260753776
100.00818162753777
100.00813064753777
100.00807966753776
100.00802868753776
100.00797770753776
100.00792672753776
100.00787574753777
100.00782476753776
100.00777378753776
100.00772280753776
100.00767182753776
100.00762084753777
100.00756986753777
100.00751888753776
100.00746790753776
100.00741692753776
100.00736594753776
100.00731496753777
100.00726398753777
100.00721300753776
100.00716202753776
100.00711104753776
100.00706006753776
100.00700908753777
100.00695810753776
100.00690712753776
100.00685614753776
100.00680516753776
100.00675418753777
100.00670320753777
100.00665222753776
100.01553021568274
100.0244073307506
100.03328357281737
100.04215894195897
100.04210796195899
100.04205698195898
100.04200600195898
100.04195502195898
100.04190404195899
100.04185306195899
100.04180208195898
100.04175110195898
100.04170012195898
100.04164914195898
100.04159816195899
100.04154718195899
100.04149620195898
100.04144522195898
100.04139424195898
100.04134326195899
100.04129228195899
100.04124130195898
100.04119032195898
100.04113934195898
100.04108836195898
100.04103738195899
100.04098640195899
100.04093542195898
100.04088444195898
100.04083346195898
100.04078248195898
100.04073150195899
100.04068052195899
100.04062954195898
100.04057856195898
100.04052758195898
100.04047660195899
100.04042562195899
100.04037464195898
100.04032366195898
100.04027268195898
100.04022170195898
100.04017072195899
100.04011974195899
100.04006876195898
100.04001778195898
100.03996680195898
100.03991582195899
100.03986484195899
100.03981386195899
100.03976288195898
100.03971190195898
100.03966092195898
100.03960994195899
100.03955896195899
100.03950798195898
100.03945700195898
100.03940602195898
100.03935504195898
100.03930406195899
100.03925308195899
100.03920210195898
100.03915112195898
100.03910014195898
100.03904916195899
100.03899818195899
100.03894720195899
100.03889622195898
100.03884524195898
100.03879426195898
100.03874328195899
100.03869230195899
100.03864132195898
100.03859034195898
100.03853936195898
100.03848838195898
100.03843740195899
100.03838642195899
100.03833544195898
100.03828446195898
100.03823348195898
100.03818250195899
100.03813152195899
100.03808054195899
100.03802956195898
100.03797858195898
100.03792760195898
100.03787662195899
100.03782564195899
100.03777466195898
100.03772368195898
100.03767270195898
100.03762172195898
100.03757074195899
100.03751976195899
100.03746878195898
100.03741780195898
100.03736682195898
100.03731584195899
100.03726486195899
100.03721388195898
100.03716290195898
100.03711192195898
100.03706094195898
100.03700996195899
100.04588445825097
100.05475808176922
100.06363083258962
100.07250271078749
100.0724517307874
100.07240075078741
100.07234977078741
100.0722987907874
100.0722478107874
100.0721968307874
100.07214585078741
100.07209487078741
100.0720438907874
100.0719929107874
100.0719419307874
100.0718909507874
100.07183997078741
100.07178899078741
100.0717380107874
100.0716870307874
100.0716360507874
100.0715850707874
100.07153409078741
100.07148311078741
100.0714321307874
100.0713811507874
100.0713301707874
100.07127919078741
100.07122821078741
100.0711772307874
100.0711262507874
100.0710752707874
100.0710242907874
100.07097331078741
100.07092233078741
100.0708713507874
100.0708203707874
100.0707693907874
100.0707184107874
100.07066743078741
100.07061645078741
100.0705654707874
100.0705144907874
100.0704635107874
100.07041253078741
100.07036155078741
100.0703105707874
100.0702595907874
100.0702086107874
100.0701576307874
100.07010665078741
100.07005567078741
100.0700046907874
100.0699537107874
100.0699027307874
100.06985175078741
100.06980077078741
100.0697497907874
100.0696988107874
100.0696478307874
100.0695968507874
100.06954587078741
100.06949489078741
100.0694439107874
100.0693929307874
100.0693419507874
100.0692909707874
100.06923999078741
100.06918901078741
100.0691380307874
100.0690870507874
100.0690360707874
100.06898509078741
100.06893411078741
100.0688831307874
100.0688321507874
100.0687811707874
100.0687301907874
100.06867921078741
100.06862823078741
100.0685772507874
100.0685262707874
100.0684752907874
100.0684243107874
100.06837333078741
100.06832235078741
100.0682713707874
100.0682203907874
100.0681694107874
100.06811843078741
100.06806745078741
100.0680164707874
100.0679654907874
100.0679145107874
100.0678635307874
100.06781255078741
100.06776157078741
100.0677105907874
100.0676596107874
100.0676086307874
100.0675576507874
100.06750667078741
100.06745569078741
100.0674047107874
100.0673537307874
100.0762247364389
100.08509486961934
100.09396413040457
100.10283251887022
100.10278153887022
100.10273055887022
100.10267957887022
100.10262859887023
100.10257761887023
100.10252663887022
100.10247565887022
100.10242467887022
100.10237369887022
100.10232271887023
100.10227173887023
100.10222075887022
100.10216977887022
100.10211879887022
100.10206781887022
100.10201683887023
100.10196585887022
100.10191487887022
100.10186389887022
100.10181291887022
100.10176193887023
100.10171095887023
100.10165997887022
100.10160899887022
100.10155801887022
100.10150703887022
100.10145605887023
100.10140507887021
100.10135409887022
100.10130311887022
100.10125213887022
100.10120115887023
100.10115017887023
100.10109919887022
100.10104821887022
100.10099723887022
100.10094625887022
100.10089527887023
100.10084429887023
100.10079331887022
100.10074233887022
100.10069135887022
100.10064037887022
100.10058939887023
100.10053841887022
100.10048743887022
100.10043645887022
100.10038547887022
100.10033449887023
100.10028351887023
100.10023253887022
100.10018155887022
100.10013057887022
100.10007959887022
100.10002861887023
100.09997763887023
100.09992665887022
100.09987567887022
100.09982469887022
100.09977371887022
100.09972273887023
100.09967175887022
100.09962077887022
100.09956979887022
100.09951881887022
100.09946783887023
100.09941685887023
100.09936587887022
100.09931489887022
100.09926391887022
100.09921293887022
100.09916195887023
100.09911097887023
100.09905999887022
100.09900901887022
100.09895803887022
100.09890705887022
100.09885607887023
100.09880509887022
100.09875411887022
100.09870313887022
100.09865215887022
100.09860117887023
100.09855019887023
100.09849921887022
100.09844823887022
100.09839725887022
100.09834627887022
100.09829529887023
100.09824431887021
100.09819333887022
100.09814235887022
100.09809137887022
100.09804039887022
100.09798941887023
100.09793843887022
100.09788745887022
100.09783647887022
100.09778549887022
100.09773451887023
100.09768353887023
100.106551055092
100.11541769914567
100.12428347110671
100.1331483710507
100.1330973910507
100.13304641105069
100.13299543105069
100.13294445105069
100.13289347105069
100.1328424910507
100.1327915110507
100.13274053105069
100.13268955105069
100.13263857105069
100.1325875910507
100.1325366110507
100.1324856310507
100.13243465105069
100.13238367105069
100.13233269105069
100.1322817110507
100.1322307310507
100.13217975105069
100.13212877105069
100.13207779105069
100.1320268110507
100.1319758310507
100.1319248510507
100.13187387105069
100.13182289105069
100.13177191105069
100.1317209310507
100.1316699510507
100.1316189710507
100.13156799105069
100.13151701105069
100.13146603105069
100.1314150510507
100.1313640710507
100.13131309105069
100.13126211105069
100.13121113105069
100.1311601510507
100.1311091710507
100.1310581910507
100.13100721105069
100.13095623105069
100.13090525105069
100.1308542710507
100.1308032910507
100.1307523110507
100.13070133105069
100.13065035105069
100.13059937105069
100.1305483910507
100.1304974110507
100.13044643105069
100.13039545105069
100.13034447105069
100.1302934910507
100.1302425110507
100.1301915310507
100.13014055105069
100.13008957105069
100.13003859105069
100.1299876110507
100.1299366310507
100.12988565105069
100.12983467105069
100.12978369105069
100.12973271105069
100.12315498207826
100.11005000780757
100.09694459334155
100.08383873863593
100.07073244364561
100.0576257083266
100.04451853263402
100.03141091652351
100.01830285995017
100.00519436286987
99.99208542523759
99.97897604700903
99.9658662281394
99.95275596858414
99.93964526829866
99.9265341272384
99.91342254535874
99.90031052261484
99.88719805896221
99.87408515435631
99.86097180875207
99.84785802210521
99.84127555654214
99.84122457654209
99.84117359654209
99.84112261654208
99.84107163654208
99.84102065654209
99.84096967654209
99.84091869654209
99.84086771654208
99.84081673654208
99.84076575654208
99.84071477654209
99.8496068951422
99.8584981394372
99.8673885095033
99.87627800541651
99.8762270254165
99.8761760454165
99.8761250654165
99.8760740854165
99.8760231054165
99.8759721254165
99.8759211454165
99.8758701654165
99.8758191854165
99.87576820541649
99.8757172254165
99.8756662454165
99.8756152654165
99.8755642854165
99.8755133054165
99.87546232541649
99.8754113454165
99.8753603654165
99.8753093854165
99.8752584054165
99.87520742541649
99.8751564454165
99.8751054654165
99.8750544854165
99.8750035054165
99.8749525254165
99.87490154541649
99.8748505654165
99.8747995854165
99.8747486054165
99.8746976254165
99.8746466454165
99.87459566541649
99.8745446854165
99.8744937054165
99.8744427254165
99.8743917454165
99.87434076541649
99.8742897854165
99.8742388054165
99.8741878254165
99.8741368454165
99.8740858654165
99.87403488541649
99.8739839054165
99.8739329254165
99.8738819454165
99.8738309654165
99.8737799854165
99.8737290054165
99.8736780254165
99.8736270454165
99.8735760654165
99.8735250854165
99.87347410541649
99.8734231254165
99.8733721454165
99.8733211654165
99.8732701854165
99.8732192054165
99.87316822541649
99.8731172454165
99.8730662654165
99.8730152854165
99.8729643054165
99.8729133254165
99.8728623454165
99.8728113654165
99.8727603854165
99.8727094054165
99.8726584254165
99.87260744541649
99.8725564654165
99.8725054854165
99.8724545054165
99.8724035254165
99.8723525454165
99.87230156541649
99.8722505854165
99.8721996054165
99.8721486254165
99.8720976454165
99.8720466654165
99.8719956854165
99.8719447054165
99.8718937254165
99.8718427454165
99.8717917654165
99.87174078541649
99.8716898054165
99.8716388254165
99.8715878454165
99.8715368654165
99.8714858854165
99.87143490541649
99.8713839254165
99.8713329454165
99.8712819654165
99.8712309854165
99.87118000541649
99.8711290254165
99.88001764725296
99.8889053950882
99.89779226899863
99.90667826906024
99.90662728906015
99.90657630906016
99.90652532906016
99.90647434906016
99.90642336906016
99.90637238906017
99.90632140906015
99.90627042906016
99.90621944906016
99.90616846906016
99.90611748906016
99.90606650906015
99.90601552906016
99.90596454906016
99.90591356906016
99.90586258906016
99.90581160906017
99.90576062906015
99.90570964906016
99.90565866906016
99.90560768906016
99.90555670906016
99.90550572906017
99.90545474906015
99.90540376906016
99.90535278906016
99.90530180906016
99.90525082906017
99.90519984906015
99.90514886906016
99.90509788906016
99.90504690906016
99.90499592906016
99.90494494906017
99.90489396906015
99.90484298906016
99.90479200906016
99.90474102906016
99.90469004906016
99.90463906906017
99.90458808906016
99.90453710906016
99.90448612906016
99.90443514906016
99.90438416906017
99.90433318906015
99.90428220906016
99.90423122906016
99.90418024906016
99.90412926906016
99.90407828906017
99.90402730906015
99.90397632906016
99.90392534906016
99.90387436906016
99.90382338906016
99.90377240906015
99.90372142906016
99.90367044906016
99.90361946906016
99.90356848906016
99.90351750906017
99.90346652906015
99.90341554906016
99.90336456906016
99.90331358906016
99.90326260906016
99.90321162906017
99.90316064906015
99.90310966906016
99.90305868906016
99.90300770906016
99.90295672906016
99.90290574906015
99.90285476906016
99.90280378906016
99.90275280906016
99.90270182906016
99.90265084906017
99.90259986906015
99.90254888906016
99.90249790906016
99.90244692906016
99.90239594906016
99.90234496906017
99.90229398906015
99.90224300906016
99.90219202906016
99.90214104906016
99.90209006906016
99.90203908906015
99.90198810906016
99.90193712906016
99.90188614906016
99.90183516906016
99.90178418906017
99.90173320906015
99.90168222906016
99.90163124906016
99.90158026906016
99.90152928906016
99.91041441534885
99.91929866794035
99.92818204691096
99.93706455233641
99.93701357233634
99.93696259233634
99.93691161233633
99.93686063233633
99.93680965233634
99.93675867233634
99.93670769233634
99.93665671233634
99.93660573233633
99.93655475233633
99.93650377233634
99.93645279233634
99.93640181233634
99.93635083233634
99.93629985233633
99.93624887233634
99.93619789233634
99.93614691233634
99.93609593233634
99.93604495233633
99.93599397233633
99.93594299233634
99.93589201233634
99.93584103233634
99.93579005233634
99.93573907233633
99.93568809233633
99.93563711233634
99.93558613233634
99.93553515233634
99.93548417233633
99.93543319233633
99.93538221233634
99.93533123233634
99.93528025233634
99.93522927233634
99.93517829233633
99.93512731233633
99.93507633233634
99.93502535233634
99.93497437233634
99.93492339233634
99.93487241233633
99.93482143233634
99.93477045233634
99.93471947233634
99.93466849233634
99.93461751233633
99.93456653233633
99.93451555233634
99.93446457233634
99.93441359233634
99.93436261233634
99.93431163233633
99.93426065233633
99.93420967233634
99.93415869233634
99.93410771233634
99.93405673233634
99.93400575233633
99.93395477233634
99.93390379233634
99.93385281233634
99.93380183233634
99.93375085233633
99.93369987233633
99.93364889233634
99.93359791233634
99.93354693233634
99.93349595233634
99.93344497233633
99.93339399233633
99.93334301233634
99.93329203233634
99.93324105233634
99.93319007233634
99.93313909233633
99.93308811233634
99.93303713233634
99.93298615233634
99.93293517233634
99.93288419233633
99.93283321233633
99.93278223233634
99.93273125233634
99.93268027233634
99.93262929233634
99.93257831233633
99.93252733233633
99.93247635233634
99.93242537233634
99.93237439233634
99.93232341233633
99.93227243233633
99.93222145233634
99.93217047233634
99.93211949233634
99.93206851233634
99.93201753233633
99.93196655233633
99.93191557233634
99.94079720429262
99.94967796285542
99.95855784810065
99.96743686010423
99.96738588010419
99.96733490010419
99.9672839201042
99.9672329401042
99.96718196010418
99.96713098010419
99.96708000010419
99.96702902010419
99.9669780401042
99.9669270601042
99.96687608010419
99.96682510010419
99.96677412010419
99.9667231401042
99.9666721601042
99.9666211801042
99.96657020010419
99.96651922010419
99.96646824010419
99.9664172601042
99.9663662801042
99.96631530010418
99.96626432010419
99.96621334010419
99.96616236010419
99.9661113801042
99.9660604001042
99.96600942010419
99.96595844010419
99.96590746010419
99.9658564801042
99.9658055001042
99.9657545201042
99.96570354010419
99.96565256010419
99.96560158010419
99.9655506001042
99.9654996201042
99.96544864010419
99.96539766010419
99.96534668010419
99.96529570010419
99.9652447201042
99.9651937401042
99.96514276010419
99.96509178010419
99.96504080010419
99.9649898201042
99.9649388401042
99.96488786010418
99.96483688010419
99.96478590010419
99.96473492010419
99.9646839401042
99.9646329601042
99.96458198010419
99.96453100010419
99.96448002010419
99.96442904010419
99.9643780601042
99.9643270801042
99.96427610010419
99.96422512010419
99.96417414010419
99.9641231601042
99.9640721801042
99.96402120010418
99.96397022010419
99.96391924010419
99.96386826010419
99.9638172801042
99.9637663001042
99.96371532010419
99.96366434010419
99.96361336010419
99.9635623801042
99.9635114001042
99.9634604201042
99.96340944010419
99.96335846010419
99.96330748010419
99.9632565001042
99.9632055201042
99.96315454010418
99.96310356010419
99.96305258010419
99.96300160010419
99.9629506201042
99.9628996401042
99.96284866010419
99.96279768010419
99.96274670010419
99.9626957201042
99.9626447401042
99.9625937601042
99.96254278010419
99.96249180010419
99.96244082010419
99.9623898401042
99.9623388601042
99.96228788010418
99.97116601894193
99.98004328468969
99.98891967742325
99.99779519721835
99.99774421721835
99.99769323721834
99.99764225721835
99.99759127721835
99.99754029721835
99.99748931721835
99.99743833721836
99.99738735721834
99.99733637721835
99.99728539721835
99.99723441721835
99.99718343721835
99.99713245721834
99.99708147721834
99.99703049721835
99.99697951721835
99.99692853721835
99.99687755721835
99.99682657721834
99.99677559721835
99.99672461721835
99.99667363721835
99.99662265721835
99.99657167721834
99.99652069721834
99.99646971721835
99.99641873721835
99.99636775721835
99.99631677721835
99.99626579721834
99.99621481721834
99.99616383721835
99.99611285721835
99.99606187721835
99.99601089721835
99.99595991721834
99.99590893721835
99.99585795721835
99.99580697721835
99.99575599721835
99.99570501721834
99.99565403721834
99.99560305721835
99.99555207721835
99.99550109721835
99.99545011721835
99.99539913721834
99.99534815721834
99.99529717721835
99.99524619721835
99.99519521721835
99.99514423721835
99.99509325721834
99.99504227721835
99.99499129721835
99.99494031721835
99.99488933721835
99.99483835721834
99.99478737721834
99.99473639721835
99.99468541721835
99.99463443721835
99.99458345721835
99.99453247721834
99.99448149721835
99.99443051721835
99.99437953721835
99.99432855721835
99.99427757721836
99.99422659721834
99.99417561721835
99.99412463721835
99.99407365721835
99.99402267721835
99.99397169721834
99.99392071721834
99.99386973721835
99.99381875721835
99.99376777721835
99.99371679721835
99.99366581721834
99.99361483721835
99.99356385721835
99.99351287721835
99.99346189721835
99.99341091721836
99.99335993721834
99.99330895721835
99.99325797721835
99.99320699721835
99.99315601721835
99.99310503721834
99.99305405721834
99.99300307721835
99.99295209721835
99.99290111721835
99.99285013721835
99.99279915721834
99.99274817721835
99.99269719721835
99.99264621721835
100.0015208641508
100.01039463829639
100.01926753973093
100.02813956853008
100.02808858853021
100.02803760853021
100.02798662853021
100.0279356485302
100.0278846685302
100.02783368853021
100.02778270853021
100.02773172853021
100.02768074853022
100.0276297685302
100.0275787885302
100.02752780853021
100.02747682853021
100.02742584853021
100.0273748685302
100.0273238885302
100.02727290853021
100.02722192853021
100.02717094853021
100.02711996853022
100.0270689885302
100.0270180085302
100.02696702853021
100.02691604853021
100.02686506853021
100.02681408853022
100.0267631085302
100.0267121285302
100.02666114853021
100.02661016853021
100.02655918853021
100.0265082085302
100.0264572285302
100.02640624853021
100.02635526853021
100.02630428853021
100.02625330853022
100.0262023285302
100.0261513485302
100.02610036853021
100.02604938853021
100.02599840853021
100.02594742853022
100.0258964485302
100.0258454685302
100.02579448853021
100.02574350853021
100.02569252853021
100.0256415485302
100.0255905685302
100.02553958853021
100.02548860853021
100.02543762853021
100.02538664853022
100.0253356685302
100.0252846885302
100.02523370853021
100.02518272853021
100.02513174853021
100.0250807685302
100.0250297885302
100.02497880853021
100.02492782853021
100.02487684853021
100.02482586853021
100.0247748885302
100.0247239085302
100.02467292853021
100.02462194853021
100.02457096853021
100.02451998853022
100.0244690085302
100.0244180285302
100.02436704853021
100.02431606853021
100.02426508853021
100.0242141085302
100.0241631285302
100.02411214853021
100.02406116853021
100.02401018853021
100.02395920853021
100.0239082285302
100.0238572485302
100.02380626853021
100.02375528853021
100.02370430853021
100.02365332853022
100.0236023485302
100.0235513685302
100.02350038853021
100.02344940853021
100.02339842853021
100.0233474485302
100.0232964685302
100.02324548853021
100.02319450853021
100.02314352853021
100.02309254853022
100.0230415685302
100.0229905885302
100.03186174476981
100.04073202852534
100.0496014398727
100.05846997888756
100.05841899888746
100.05836801888746
100.05831703888747
100.05826605888747
100.05821507888747
100.05816409888746
100.05811311888746
100.05806213888746
100.05801115888747
100.05796017888747
100.05790919888747
100.05785821888746
100.05780723888746
100.05775625888747
100.05770527888747
100.05765429888747
100.05760331888747
100.05755233888746
100.05750135888746
100.05745037888747
100.05739939888747
100.05734841888747
100.05729743888746
100.05724645888746
100.05719547888746
100.05714449888747
100.05709351888747
100.05704253888747
100.05699155888746
100.05694057888746
100.05688959888747
100.05683861888747
100.05678763888747
100.05673665888746
100.05668567888746
100.05663469888746
100.05658371888747
100.05653273888747
100.05648175888747
100.05643077888746
100.05637979888746
100.05632881888747
100.05627783888747
100.05622685888747
100.05617587888747
100.05612489888746
100.05607391888746
100.05602293888747
100.05597195888747
100.05592097888747
100.05586999888746
100.05581901888746
100.05576803888746
100.05571705888747
100.05566607888747
100.05561509888747
100.05556411888746
100.05551313888746
100.05546215888747
100.05541117888747
100.05536019888747
100.05530921888747
100.05525823888746
100.05520725888746
100.05515627888747
100.05510529888747
100.05505431888747
100.05500333888746
100.05495235888746
100.05490137888746
100.05485039888747
100.05479941888747
100.05474843888747
100.05469745888746
100.05464647888746
100.05459549888747
100.05454451888747
100.05449353888747
100.05444255888747
100.05439157888746
100.05434059888746
100.05428961888747
100.05423863888747
100.05418765888747
100.05413667888746
100.05408569888746
100.05403471888746
100.05398373888747
100.05393275888747
100.05388177888747
100.05383079888746
100.05377981888746
100.05372883888747
100.05367785888747
100.05362687888747
100.05357589888746
100.05352491888746
100.05347393888746
100.05342295888747
100.05337197888747
100.05332099888747
100.0621886656453
100.07105546022177
100.07992138269262
100.08878643313352
100.08873545313357
100.08868447313357
100.08863349313356
100.08858251313356
100.08853153313356
100.08848055313356
100.08842957313357
100.08837859313356
100.08832761313356
100.08827663313356
100.08822565313356
100.08817467313357
100.08812369313357
100.08807271313356
100.08802173313356
100.08797075313356
100.08791977313356
100.08786879313357
100.08781781313357
100.08776683313356
100.08771585313356
100.08766487313356
100.08761389313356
100.08756291313357
100.08751193313356
100.08746095313356
100.08740997313356
100.08735899313356
100.08730801313357
100.08725703313357
100.08720605313356
100.08715507313356
100.08710409313356
100.08705311313356
100.08700213313357
100.08695115313357
100.08690017313356
100.08684919313356
100.08679821313356
100.08674723313356
100.08669625313357
100.08664527313356
100.08659429313356
100.08654331313356
100.08649233313356
100.08644135313357
100.08639037313357
100.08633939313356
100.08628841313356
100.08623743313356
100.08618645313356
100.08613547313357
100.08608449313355
100.08603351313356
100.08598253313356
100.08593155313356
100.08588057313357
100.08582959313357
100.08577861313356
100.08572763313356
100.08567665313356
100.08562567313356
100.08557469313357
100.08552371313357
100.08547273313356
100.08542175313356
100.08537077313356
100.08531979313356
100.08526881313357
100.08521783313356
100.08516685313356
100.08511587313356
100.08506489313356
100.08501391313357
100.08496293313357
100.08491195313356
100.08486097313356
100.08480999313356
100.08475901313356
100.08470803313357
100.08465705313357
100.08460607313356
100.08455509313356
100.08450411313356
100.08445313313356
100.08440215313357
100.08435117313356
100.08430019313356
100.08424921313356
100.08419823313356
100.08414725313357
100.08409627313357
100.08404529313356
100.08399431313356
100.08394333313356
100.08389235313356
100.08384137313357
100.08379039313357
100.08373941313356
100.08368843313356
100.08363745313356
100.09250163161977
100.1013649382273
100.11022737303158
100.11908893610786
100.11903795610776
100.11898697610776
100.11893599610777
100.11888501610777
100.11883403610776
100.11878305610776
100.11873207610776
100.11868109610776
100.11863011610777
100.11857913610777
100.11852815610776
100.11847717610776
100.11842619610776
100.11837521610776
100.11832423610777
100.11827325610776
100.11822227610776
100.11817129610776
100.11812031610776
100.11806933610777
100.11801835610777
100.11796737610776
100.11791639610776
100.11786541610776
100.11781443610776
100.11776345610777
100.11771247610776
100.11766149610776
100.11761051610776
100.11755953610776
100.11750855610777
100.11745757610777
100.11740659610776
100.11735561610776
100.11730463610776
100.11725365610776
100.11720267610777
100.11715169610777
100.11710071610776
100.11704973610776
100.11699875610776
100.11694777610776
100.11689679610777
100.11684581610776
100.11679483610776
100.11674385610776
100.11669287610776
100.11664189610777
100.11659091610777
100.11653993610776
100.11648895610776
100.11643797610776
100.11638699610776
100.11633601610777
100.11628503610777
100.11623405610776
100.11618307610776
100.11613209610776
100.11608111610776
100.11603013610777
100.11597915610776
100.11592817610776
100.11587719610776
100.11582621610776
100.11577523610777
100.11572425610777
100.11567327610776
100.11562229610776
100.11557131610776
100.11552033610776
100.11546935610777
100.11541837610777
100.11536739610776
100.11531641610776
100.11526543610776
100.11521445610776
100.11516347610777
100.11511249610776
100.11506151610776
100.11501053610776
100.11495955610776
100.11490857610777
100.11485759610777
100.11480661610776
100.11475563610776
100.11470465610776
100.11465367610776
100.11460269610777
100.11455171610775
100.11450073610776
100.11444975610776
100.11439877610776
100.11434779610777
100.11429681610777
100.11424583610776
100.11419485610776
100.11414387610776
100.11409289610776
100.11404191610777
100.11399093610777
100.11393995610776
100.12280064753197
100.13166046737943
100.14051941572568
100.14937749264631
100.14932651264641
100.14927553264641
100.14922455264642
100.14917357264642
100.14912259264642
100.14907161264642
100.14902063264641
100.14896965264641
100.14891867264642
100.14886769264642
100.14881671264642
100.14876573264642
100.14871475264641
100.14866377264642
100.14861279264642
100.14856181264642
100.14851083264642
100.14193427949924
100.12883165708702
100.11572859471754
100.10262509234609
100.08952114992826
100.07641676741943
100.06331194477508
100.05020668195091
100.0371009789022
100.0239948355845
100.01088825195328
99.99778122796373
99.98467376357154
99.97156585873219
99.95845751340087
99.94534872753322
99.93223950108461
99.91912983401016
99.90601972626564
99.89290917780619
99.87979818858733
99.86668675856443
99.86010547138774
99.86005449138773
99.86000351138773
99.85995253138773
99.85990155138774
99.85985057138774
99.85979959138774
99.85974861138773
99.85969763138773
99.85964665138773
99.85959567138774
99.85954469138774
99.85949371138773
99.85944273138773
99.85939175138773
99.85934077138774
99.85928979138774
99.85923881138774
99.85918783138773
99.85913685138773
99.85908587138773
99.85903489138774
99.85898391138774
99.85893293138773
99.85888195138773
99.85883097138773
99.85877999138773
99.85872901138774
99.85867803138774
99.85862705138773
99.85857607138773
99.85852509138773
99.85847411138774
99.85842313138774
99.85837215138774
99.85832117138773
99.85827019138773
99.85821921138773
99.85816823138774
99.85811725138774
99.85806627138773
99.85801529138773
99.85796431138773
99.85791333138773
99.85786235138774
99.85781137138774
99.85776039138773
99.85770941138773
99.85765843138773
99.85760745138774
99.85755647138774
99.85750549138774
99.85745451138773
99.85740353138773
99.85735255138773
99.85730157138774
99.85725059138774
99.85719961138773
99.85714863138773
99.85709765138773
99.85704667138774
99.85699569138774
99.8658809849036
99.87476540470789
99.88364895087666
99.89253162348567
99.89248064348548
99.89242966348549
99.89237868348549
99.89232770348548
99.89227672348548
99.89222574348548
99.89217476348549
99.89212378348549
99.89207280348548
99.89202182348548
99.89197084348548
99.89191986348548
99.89186888348549
99.89181790348549
99.89176692348548
99.89171594348548
99.89166496348548
99.89161398348548
99.89156300348549
99.89151202348548
99.89146104348548
99.89141006348548
99.89135908348548
99.89130810348549
99.89125712348549
99.89120614348548
99.89115516348548
99.89110418348548
99.89105320348548
99.89100222348549
99.89095124348549
99.89090026348548
99.89084928348548
99.89079830348548
99.89074732348548
99.89069634348549
99.89064536348548
99.89059438348548
99.89054340348548
99.89049242348548
99.89044144348549
99.89039046348549
99.89033948348548
99.89028850348548
99.89023752348548
99.89018654348548
99.89013556348549
99.89008458348549
99.89003360348548
99.88998262348548
99.88993164348548
99.88988066348549
99.88982968348549
99.88977870348548
99.88972772348548
99.88967674348548
99.88962576348548
99.88957478348549
99.88952380348549
99.88947282348548
99.88942184348548
99.88937086348548
99.88931988348548
99.88926890348549
99.88921792348549
99.88916694348548
99.88911596348548
99.88906498348548
99.88901400348549
99.88896302348549
99.88891204348548
99.88886106348548
99.88881008348548
99.88875910348548
99.88870812348549
99.88865714348549
99.88860616348548
99.88855518348548
99.88850420348548
99.88845322348548
99.88840224348549
99.88835126348549
99.88830028348548
99.88824930348548
99.88819832348548
99.88814734348549
99.88809636348549
99.88804538348548
99.88799440348548
99.88794342348548
99.88789244348548
99.88784146348549
99.88779048348549
99.88773950348548
99.88768852348548
99.88763754348548
99.88758656348548
99.88753558348549
99.88748460348548
99.88743362348548
99.88738264348548
99.89626444261077
99.905145368328
99.91402542071329
99.92290459984237
99.92285361984237
99.92280263984237
99.92275165984238
99.92270067984238
99.92264969984238
99.92259871984237
99.92254773984237
99.92249675984237
99.92244577984238
99.92239479984238
99.92234381984237
99.92229283984237
99.92224185984237
99.92219087984238
99.92213989984238
99.92208891984238
99.92203793984237
99.92198695984237
99.92193597984237
99.92188499984238
99.92183401984238
99.92178303984238
99.92173205984237
99.92168107984237
99.92163009984237
99.92157911984238
99.92152813984238
99.92147715984237
99.92142617984237
99.92137519984237
99.92132421984238
99.92127323984238
99.92122225984238
99.92117127984237
99.92112029984237
99.92106931984237
99.92101833984238
99.92096735984238
99.92091637984238
99.92086539984237
99.92081441984237
99.92076343984237
99.92071245984238
99.92066147984238
99.92061049984237
99.92055951984237
99.92050853984237
99.92045755984238
99.92040657984238
99.92035559984238
99.92030461984237
99.92025363984237
99.92020265984237
99.92015167984238
99.92010069984238
99.92004971984237
99.91999873984237
99.91994775984237
99.91989677984238
99.91984579984238
99.91979481984238
99.91974383984237
99.91969285984237
99.91964187984237
99.91959089984238
99.91953991984238
99.91948893984238
99.91943795984237
99.91938697984237
99.91933599984237
99.91928501984238
99.91923403984238
99.91918305984237
99.91913207984237
99.91908109984237
99.91903011984238
99.91897913984238
99.91892815984238
99.91887717984237
99.91882619984237
99.91877521984237
99.91872423984238
99.91867325984238
99.91862227984238
99.91857129984237
99.91852031984237
99.91846933984237
99.91841835984238
99.91836737984238
99.91831639984237
99.91826541984237
99.91821443984237
99.91816345984238
99.91811247984238
99.91806149984238
99.91801051984237
99.91795953984237
99.91790855984237
99.91785757984238
99.91780659984238
99.91775561984238
99.92663392579112
99.93551135863545
99.94438791845086
99.95326360531355
99.95321262531348
99.95316164531347
99.95311066531347
99.95305968531348
99.95300870531348
99.95295772531348
99.95290674531348
99.95285576531347
99.95280478531348
99.95275380531348
99.95270282531348
99.95265184531348
99.95260086531349
99.95254988531347
99.95249890531348
99.95244792531348
99.95239694531348
99.95234596531348
99.95229498531347
99.95224400531347
99.95219302531348
99.95214204531348
99.95209106531348
99.95204008531348
99.95198910531347
99.95193812531348
99.95188714531348
99.95183616531348
99.95178518531348
99.95173420531347
99.95168322531347
99.95163224531348
99.95158126531348
99.95153028531348
99.95147930531348
99.95142832531347
99.95137734531347
99.95132636531348
99.95127538531348
99.95122440531348
99.95117342531348
99.95112244531347
99.95107146531348
99.95102048531348
99.95096950531348
99.95091852531348
99.95086754531347
99.95081656531347
99.95076558531348
99.95071460531348
99.95066362531348
99.95061264531348
99.95056166531347
99.95051068531347
99.95045970531348
99.95040872531348
99.95035774531348
99.95030676531348
99.95025578531347
99.95020480531348
99.95015382531348
99.95010284531348
99.95005186531348
99.95000088531347
99.94994990531347
99.94989892531348
99.94984794531348
99.94979696531348
99.94974598531348
99.94969500531347
99.94964402531348
99.94959304531348
99.94954206531348
99.94949108531348
99.94944010531349
99.94938912531347
99.94933814531348
99.94928716531348
99.94923618531348
99.94918520531348
99.94913422531347
99.94908324531347
99.94903226531348
99.94898128531348
99.94893030531348
99.94887932531348
99.94882834531347
99.94877736531348
99.94872638531348
99.94867540531348
99.94862442531348
99.94857344531347
99.94852246531347
99.94847148531348
99.94842050531348
99.94836952531348
99.94831854531348
99.94826756531347
99.94821658531347
99.94816560531348
99.94811462531348
99.956989439299
99.96586338048319
99.97473644894171
99.98360864475053
99.98355766475045
99.98350668475045
99.98345570475045
99.98340472475044
99.98335374475045
99.98330276475045
99.98325178475045
99.98320080475045
99.98314982475046
99.98309884475044
99.98304786475045
99.98299688475045
99.98294590475045
99.98289492475045
99.98284394475046
99.98279296475044
99.98274198475045
99.98269100475045
99.98264002475045
99.98258904475045
99.98253806475044
99.98248708475045
99.98243610475045
99.98238512475045
99.98233414475045
99.98228316475046
99.98223218475044
99.98218120475045
99.98213022475045
99.98207924475045
99.98202826475045
99.98197728475046
99.98192630475044
99.98187532475045
99.98182434475045
99.98177336475045
99.98172238475046
99.98167140475044
99.98162042475045
99.98156944475045
99.98151846475045
99.98146748475045
99.98141650475046
99.98136552475044
99.98131454475045
99.98126356475045
99.98121258475045
99.98116160475045
99.98111062475046
99.98105964475045
99.98100866475045
99.98095768475045
99.98090670475045
99.98085572475046
99.98080474475044
99.98075376475045
99.98070278475045
99.98065180475045
99.98060082475045
99.98054984475046
99.98049886475044
99.98044788475045
99.98039690475045
99.98034592475045
99.98029494475045
99.98024396475044
99.98019298475045
99.98014200475045
99.98009102475045
99.98004004475045
99.97998906475046
99.97993808475044
99.97988710475045
99.97983612475045
99.97978514475045
99.97973416475045
99.97968318475046
99.97963220475044
99.97958122475045
99.97953024475045
99.97947926475045
99.97942828475045
99.97937730475044
99.97932632475045
99.97927534475045
99.97922436475045
99.97917338475045
99.97912240475046
99.97907142475044
99.97902044475045
99.97896946475045
99.97891848475045
99.97886750475045
99.97881652475046
99.97876554475044
99.97871456475045
99.97866358475045
99.97861260475045
99.97856162475045
99.97851064475044
99.97845966475045
99.987330987985
99.99620143872104
100.00507101703447
100.01393972300072
100.01388874300068
100.01383776300068
100.01378678300068
100.01373580300069
100.01368482300069
100.01363384300069
100.01358286300068
100.01353188300068
100.01348090300068
100.01342992300069
100.01337894300069
100.01332796300068
100.01327698300068
100.01322600300068
100.01317502300068
100.01312404300069
100.01307306300069
100.01302208300068
100.01297110300068
100.01292012300068
100.01286914300069
100.01281816300069
100.01276718300068
100.01271620300068
100.01266522300068
100.01261424300068
100.01256326300069
100.01251228300069
100.01246130300068
100.01241032300068
100.01235934300068
100.01230836300068
100.01225738300069
100.01220640300069
100.01215542300068
100.01210444300068
100.01205346300068
100.01200248300069
100.01195150300069
100.01190052300068
100.01184954300068
100.01179856300068
100.01174758300068
100.01169660300069
100.01164562300069
100.01159464300068
100.01154366300068
100.01149268300068
100.01144170300068
100.01139072300069
100.01133974300069
100.01128876300068
100.01123778300068
100.01118680300068
100.01113582300069
100.01108484300069
100.01103386300068
100.01098288300068
100.01093190300068
100.01088092300068
100.01082994300069
100.01077896300069
100.01072798300068
100.01067700300068
100.01062602300068
100.01057504300069
100.01052406300069
100.01047308300069
100.01042210300068
100.01037112300068
100.01032014300068
100.01026916300069
100.01021818300069
100.01016720300068
100.01011622300068
100.01006524300068
100.01001426300068
100.00996328300069
100.00991230300069
100.00986132300068
100.00981034300068
100.00975936300068
100.00970838300069
100.00965740300069
100.00960642300068
100.00955544300068
100.00950446300068
100.00945348300068
100.00940250300069
100.00935152300069
100.00930054300068
100.00924956300068
100.00919858300068
100.00914760300068
100.00909662300069
100.00904564300069
100.00899466300068
100.00894368300068
100.00889270300068
100.00884172300069
100.00879074300069
100.01765857669551
100.02652553819472
100.03539162757347
100.0442568449079
100.04420586490792
100.04415488490793
100.04410390490791
100.04405292490792
100.04400194490792
100.04395096490792
100.04389998490792
100.04384900490793
100.04379802490791
100.04374704490792
100.04369606490792
100.04364508490792
100.04359410490792
100.04354312490791
100.04349214490792
100.04344116490792
100.04339018490792
100.04333920490792
100.04328822490793
100.04323724490791
100.04318626490792
100.04313528490792
100.04308430490792
100.04303332490792
100.04298234490793
100.04293136490791
100.04288038490792
100.04282940490792
100.04277842490792
100.04272744490792
100.04267646490791
100.04262548490792
100.04257450490792
100.04252352490792
100.04247254490792
100.04242156490793
100.04237058490791
100.04231960490792
100.04226862490792
100.04221764490792
100.04216666490792
100.04211568490793
100.04206470490792
100.04201372490792
100.04196274490792
100.04191176490792
100.04186078490793
100.04180980490791
100.04175882490792
100.04170784490792
100.04165686490792
100.04160588490792
100.04155490490793
100.04150392490791
100.04145294490792
100.04140196490792
100.04135098490792
100.04130000490792
100.04124902490791
100.04119804490792
100.04114706490792
100.04109608490792
100.04104510490792
100.04099412490793
100.04094314490791
100.04089216490792
100.04084118490792
100.04079020490792
100.04073922490792
100.04068824490793
100.04063726490791
100.04058628490792
100.04053530490792
100.04048432490792
100.04043334490792
100.04038236490791
100.04033138490792
100.04028040490792
100.04022942490792
100.04017844490792
100.04012746490793
100.04007648490791
100.04002550490792
100.03997452490792
100.03992354490792
100.03987256490792
100.03982158490793
100.03977060490791
100.03971962490792
100.03966864490792
100.03961766490792
100.03956668490792
100.03951570490791
100.03946472490792
100.03941374490792
100.03936276490792
100.03931178490792
100.03926080490793
100.03920982490791
100.03915884490792
100.03910786490792
100.04797221027343
100.05683568374546
100.0656982853997
100.07456001531176
100.07450903531176
100.07445805531177
100.07440707531177
100.07435609531177
100.07430511531176
100.07425413531176
100.07420315531176
100.07415217531177
100.07410119531177
100.07405021531177
100.07399923531176
100.07394825531176
100.07389727531177
100.07384629531177
100.07379531531177
100.07374433531176
100.07369335531176
100.07364237531176
100.07359139531177
100.07354041531177
100.07348943531177
100.07343845531176
100.07338747531176
100.07333649531176
100.07328551531177
100.07323453531177
100.07318355531177
100.07313257531176
100.07308159531176
100.07303061531177
100.07297963531177
100.07292865531177
100.07287767531176
100.07282669531176
100.07277571531176
100.07272473531177
100.07267375531177
100.07262277531177
100.07257179531176
100.07252081531176
100.07246983531176
100.07241885531177
100.07236787531177
100.07231689531177
100.07226591531176
100.07221493531176
100.07216395531177
100.07211297531177
100.07206199531177
100.07201101531176
100.07196003531176
100.07190905531176
100.07185807531177
100.07180709531177
100.07175611531177
100.07170513531176
100.07165415531176
100.07160317531176
100.07155219531177
100.07150121531177
100.07145023531177
100.07139925531176
100.07134827531176
100.07129729531177
100.07124631531177
100.07119533531177
100.07114435531176
100.07109337531176
100.07104239531176
100.07099141531177
100.07094043531177
100.07088945531177
100.07083847531176
100.07078749531176
100.07073651531176
100.07068553531177
100.07063455531177
100.07058357531177
100.07053259531176
100.07048161531176
100.07043063531177
100.07037965531177
100.07032867531177
100.07027769531176
100.07022671531176
100.07017573531176
100.07012475531177
100.07007377531177
100.07002279531177
100.06997181531176
100.06992083531176
100.06986985531177
100.06981887531177
100.06976789531177
100.06971691531176
100.06966593531176
100.06961495531176
100.06956397531177
100.06951299531177
100.06946201531177
100.06941103531176
100.07827189355737
100.08713188021159
100.09599099535032
100.10484923904883
100.10479825904883
100.10474727904882
100.10469629904883
100.10464531904883
100.10459433904883
100.10454335904883
100.10449237904882
100.10444139904882
100.10439041904883
100.10433943904883
100.10428845904883
100.10423747904883
100.10418649904882
100.10413551904882
100.10408453904883
100.10403355904883
100.10398257904883
100.10393159904883
100.10388061904882
100.10382963904883
100.10377865904883
100.10372767904883
100.10367669904883
100.10362571904882
100.10357473904882
100.10352375904883
100.10347277904883
100.10342179904883
100.10337081904883
100.10331983904882
100.10326885904882
100.10321787904883
100.10316689904883
100.10311591904883
100.10306493904883
100.10301395904882
100.10296297904883
100.10291199904883
100.10286101904883
100.10281003904883
100.10275905904882
100.10270807904882
100.10265709904883
100.10260611904883
100.10255513904883
100.10250415904883
100.10245317904882
100.10240219904883
100.10235121904883
100.10230023904883
100.10224925904883
100.10219827904884
100.10214729904882
100.10209631904883
100.10204533904883
100.10199435904883
100.10194337904883
100.10189239904882
100.10184141904882
100.10179043904883
100.10173945904883
100.10168847904883
100.10163749904883
100.10158651904882
100.10153553904883
100.10148455904883
100.10143357904883
100.10138259904883
100.10133161904882
100.10128063904882
100.10122965904883
100.10117867904883
100.10112769904883
100.10107671904883
100.10102573904882
100.10097475904882
100.10092377904883
100.10087279904883
100.10082181904883
100.10077083904883
100.10071985904882
100.10066887904883
100.10061789904883
100.10056691904883
100.10051593904883
100.10046495904882
100.10041397904882
100.10036299904883
100.10031201904883
100.10026103904883
100.10021005904883
100.10015907904882
100.10010809904882
100.10005711904883
100.10000613904883
100.09995515904883
100.09990417904883
100.09985319904882
100.09980221904883
100.09975123904883
100.09970025904883
100.1085576313826
100.11741413242738
100.12626976225837
100.13512452095082
100.13507354095087
100.13502256095087
100.13497158095088
100.13492060095086
100.13486962095087
100.13481864095087
100.13476766095087
100.13471668095087
100.13466570095088
100.13461472095086
100.13456374095087
100.13451276095087
100.13446178095087
100.13441080095087
100.13435982095086
100.13430884095087
100.13425786095087
100.13420688095087
100.13415590095087
100.13410492095088
100.13405394095086
100.13400296095087
100.13395198095087
100.13390100095087
100.13385002095087
100.13379904095086
100.13374806095086
100.13369708095087
100.13364610095087
100.13359512095087
100.13354414095087
100.13349316095086
100.13344218095087
100.13339120095087
100.13334022095087
100.13328924095087
100.13323826095088
100.13318728095086
100.13313630095087
100.13308532095087
100.13303434095087
100.13298336095087
100.13293238095086
100.13288140095086
100.13283042095087
100.13277944095087
100.13272846095087
100.13267748095087
100.13262650095086
100.13257552095087
100.13252454095087
100.13247356095087
100.13242258095087
100.13237160095088
100.13232062095086
100.13226964095087
100.13221866095087
100.13216768095087
100.13211670095087
100.13206572095086
100.13201474095086
100.13196376095087
100.13191278095087
100.13186180095087
100.13181082095088
100.13175984095086
100.13170886095087
100.13165788095087
100.13160690095087
100.13155592095087
100.13150494095088
100.13145396095086
100.12487797945003
100.11177650043216
100.09867458157244
100.08557222282653
100.07246942414983
100.05936618549802
100.0462625068263
100.03315838809031
100.02005382924561
100.00694883024772
99.99384339105191
99.9807375116137
99.96763119188874
99.95452443183244
99.94141723139991
99.9283095905469
99.91520150922895
99.9020929874011
99.88898402501896
99.87587462203803
99.86276477841353
99.84965449410095
99.8430737798158
99.84302279981569
99.84297181981569
99.84292083981569
99.84286985981569
99.84281887981568
99.84276789981568
99.85164987410901
99.86053097497916
99.8694112025023
99.87829055675371
99.87823957675359
99.87818859675359
99.87813761675359
99.8780866367536
99.8780356567536
99.87798467675358
99.87793369675359
99.87788271675359
99.87783173675359
99.8777807567536
99.8777297767536
99.87767879675359
99.87762781675359
99.87757683675359
99.87752585675359
99.8774748767536
99.87742389675358
99.87737291675359
99.87732193675359
99.87727095675359
99.8772199767536
99.8771689967536
99.87711801675358
99.87706703675359
99.87701605675359
99.87696507675359
99.8769140967536
99.8768631167536
99.87681213675359
99.87676115675359
99.87671017675359
99.8766591967536
99.8766082167536
99.87655723675358
99.87650625675359
99.87645527675359
99.87640429675359
99.8763533167536
99.8763023367536
99.87625135675358
99.87620037675359
99.87614939675359
99.87609841675359
99.8760474367536
99.8759964567536
99.87594547675359
99.87589449675359
99.87584351675359
99.8757925367536
99.8757415567536
99.87569057675358
99.87563959675359
99.87558861675359
99.87553763675359
99.8754866567536
99.8754356767536
99.87538469675358
99.87533371675359
99.87528273675359
99.87523175675359
99.8751807767536
99.87512979675358
99.87507881675359
99.87502783675359
99.87497685675359
99.8749258767536
99.8748748967536
99.87482391675358
99.87477293675359
99.87472195675359
99.87467097675359
99.8746199967536
99.8745690167536
99.87451803675359
99.87446705675359
99.87441607675359
99.87436509675359
99.8743141167536
99.87426313675358
99.87421215675359
99.87416117675359
99.87411019675359
99.8740592167536
99.8740082367536
99.87395725675358
99.87390627675359
99.87385529675359
99.87380431675359
99.8737533367536
99.8737023567536
99.87365137675359
99.87360039675359
99.87354941675359
99.8734984367536
99.8734474567536
99.87339647675358
99.87334549675359
99.87329451675359
99.87324353675359
99.8731925567536
99.8731415767536
99.8820200578097
99.89089766574587
99.89977440063824
99.90865026256252
99.90859928256248
99.90854830256248
99.90849732256247
99.90844634256247
99.90839536256247
99.90834438256248
99.90829340256248
99.90824242256247
99.90819144256247
99.90814046256247
99.90808948256247
99.90803850256248
99.90798752256248
99.90793654256247
99.90788556256247
99.90783458256247
99.90778360256247
99.90773262256248
99.90768164256247
99.90763066256247
99.90757968256247
99.90752870256247
99.90747772256248
99.90742674256248
99.90737576256247
99.90732478256247
99.90727380256247
99.90722282256247
99.90717184256248
99.90712086256248
99.90706988256247
99.90701890256247
99.90696792256247
99.90691694256248
99.90686596256248
99.90681498256247
99.90676400256247
99.90671302256247
99.90666204256247
99.90661106256248
99.90656008256248
99.90650910256247
99.90645812256247
99.90640714256247
99.90635616256247
99.90630518256248
99.90625420256248
99.90620322256247
99.90615224256247
99.90610126256247
99.90605028256248
99.90599930256248
99.90594832256247
99.90589734256247
99.90584636256247
99.90579538256247
99.90574440256248
99.90569342256248
99.90564244256247
99.90559146256247
99.90554048256247
99.90548950256247
99.90543852256248
99.90538754256248
99.90533656256247
99.90528558256247
99.90523460256247
99.90518362256248
99.90513264256248
99.90508166256247
99.90503068256247
99.90497970256247
99.90492872256247
99.90487774256248
99.90482676256248
99.90477578256247
99.90472480256247
99.90467382256247
99.90462284256247
99.90457186256248
99.90452088256248
99.90446990256247
99.90441892256247
99.90436794256247
99.90431696256248
99.90426598256248
99.90421500256247
99.90416402256247
99.90411304256247
99.90406206256247
99.90401108256248
99.90396010256248
99.90390912256247
99.90385814256247
99.90380716256247
99.90375618256247
99.90370520256248
99.90365422256247
99.90360324256247
99.90355226256247
99.90350128256247
99.91237627159435
99.9212503878099
99.93012363128439
99.93899600209402
99.93894502209393
99.93889404209393
99.93884306209394
99.93879208209394
99.93874110209393
99.93869012209393
99.93863914209393
99.93858816209394
99.93853718209394
99.93848620209393
99.93843522209393
99.93838424209393
99.93833326209393
99.93828228209394
99.93823130209394
99.93818032209393
99.93812934209393
99.93807836209393
99.93802738209394
99.93797640209394
99.93792542209394
99.93787444209393
99.93782346209393
99.93777248209393
99.93772150209394
99.93767052209394
99.93761954209393
99.93756856209393
99.93751758209393
99.93746660209393
99.93741562209394
99.93736464209394
99.93731366209393
99.93726268209393
99.93721170209393
99.93716072209394
99.93710974209394
99.93705876209394
99.93700778209393
99.93695680209393
99.93690582209393
99.93685484209394
99.93680386209394
99.93675288209393
99.93670190209393
99.93665092209393
99.93659994209393
99.93654896209394
99.93649798209394
99.93644700209393
99.93639602209393
99.93634504209393
99.93629406209394
99.93624308209394
99.93619210209393
99.93614112209393
99.93609014209393
99.93603916209393
99.93598818209394
99.93593720209394
99.93588622209393
99.93583524209393
99.93578426209393
99.93573328209393
99.93568230209394
99.93563132209394
99.93558034209393
99.93552936209393
99.93547838209393
99.93542740209394
99.93537642209394
99.93532544209393
99.93527446209393
99.93522348209393
99.93517250209393
99.93512152209394
99.93507054209394
99.93501956209393
99.93496858209393
99.93491760209393
99.93486662209394
99.93481564209394
99.93476466209394
99.93471368209393
99.93466270209393
99.93461172209393
99.93456074209394
99.93450976209394
99.93445878209393
99.93440780209393
99.93435682209393
99.93430584209393
99.93425486209394
99.93420388209394
99.93415290209393
99.93410192209393
99.93405094209393
99.93399996209394
99.93394898209394
99.93389800209394
99.93384702209393
99.94271852031414
99.95158914602068
99.96045889928925
99.96932778019577
99.96927680019567
99.96922582019567
99.96917484019568
99.96912386019568
99.96907288019568
99.96902190019568
99.96897092019567
99.96891994019568
99.96886896019568
99.96881798019568
99.96876700019568
99.96871602019569
99.96866504019567
99.96861406019568
99.96856308019568
99.96851210019568
99.96846112019568
99.96841014019567
99.96835916019567
99.96830818019568
99.96825720019568
99.96820622019568
99.96815524019568
99.96810426019567
99.96805328019568
99.96800230019568
99.96795132019568
99.96790034019568
99.96784936019567
99.96779838019567
99.96774740019568
99.96769642019568
99.96764544019568
99.96759446019568
99.96754348019567
99.96749250019568
99.96744152019568
99.96739054019568
99.96733956019568
99.96728858019569
99.96723760019567
99.96718662019568
99.96713564019568
99.96708466019568
99.96703368019568
99.96698270019567
99.96693172019567
99.96688074019568
99.96682976019568
99.96677878019568
99.96672780019568
99.96667682019567
99.96662584019568
99.96657486019568
99.96652388019568
99.96647290019568
99.96642192019569
99.96637094019567
99.96631996019568
99.96626898019568
99.96621800019568
99.96616702019568
99.96611604019567
99.96606506019567
99.96601408019568
99.96596310019568
99.96591212019568
99.96586114019568
99.96581016019567
99.96575918019568
99.96570820019568
99.96565722019568
99.96560624019568
99.96555526019569
99.96550428019567
99.96545330019568
99.96540232019568
99.96535134019568
99.96530036019568
99.96524938019567
99.96519840019567
99.96514742019568
99.96509644019568
99.96504546019568
99.96499448019568
99.96494350019567
99.96489252019568
99.96484154019568
99.96479056019568
99.96473958019568
99.96468860019567
99.96463762019567
99.96458664019568
99.96453566019568
99.96448468019568
99.96443370019568
99.96438272019567
99.96433174019568
99.96428076019568
99.96422978019568
99.96417880019568
99.97304680881545
99.9819139452244
99.99078020949797
99.99964560171207
99.99959462171208
99.99954364171208
99.99949266171207
99.99944168171207
99.99939070171207
99.99933972171208
99.99928874171208
99.99923776171208
99.99918678171207
99.99913580171207
99.99908482171207
99.99903384171208
99.99898286171208
99.99893188171208
99.99888090171207
99.99882992171207
99.99877894171208
99.99872796171208
99.99867698171208
99.99862600171207
99.99857502171207
99.99852404171207
99.99847306171208
99.99842208171208
99.99837110171208
99.99832012171207
99.99826914171207
99.99821816171207
99.99816718171208
99.99811620171208
99.99806522171208
99.99801424171207
99.99796326171207
99.99791228171208
99.99786130171208
99.99781032171208
99.99775934171207
99.99770836171207
99.99765738171207
99.99760640171208
99.99755542171208
99.99750444171208
99.99745346171207
99.99740248171207
99.99735150171207
99.99730052171208
99.99724954171208
99.99719856171208
99.99714758171207
99.99709660171207
99.99704562171208
99.99699464171208
99.99694366171208
99.99689268171207
99.99684170171207
99.99679072171207
99.99673974171208
99.99668876171208
99.99663778171208
99.99658680171207
99.99653582171207
99.99648484171207
99.99643386171208
99.99638288171208
99.99633190171207
99.99628092171207
99.99622994171207
99.99617896171208
99.99612798171208
99.99607700171208
99.99602602171207
99.99597504171207
99.99592406171207
99.99587308171208
99.99582210171208
99.99577112171208
99.99572014171207
99.99566916171207
99.99561818171208
99.99556720171208
99.99551622171208
99.99546524171207
99.99541426171207
99.99536328171207
99.99531230171208
99.99526132171208
99.99521034171208
99.99515936171207
99.99510838171207
99.99505740171207
99.99500642171208
99.99495544171208
99.99490446171208
99.99485348171207
99.99480250171207
99.99475152171208
99.99470054171208
99.99464956171208
99.99459858171207
99.99454760171207
99.99449662171207
100.0033611419417
100.0122247902631
100.02108756675145
100.0299494714824
100.0298984914824
100.0298475114824
100.0297965314824
100.0297455514824
100.02969457148241
100.0296435914824
100.0295926114824
100.0295416314824
100.0294906514824
100.02943967148241
100.0293886914824
100.0293377114824
100.0292867314824
100.0292357514824
100.0291847714824
100.02913379148241
100.0290828114824
100.0290318314824
100.0289808514824
100.0289298714824
100.0288788914824
100.0288279114824
100.0287769314824
100.0287259514824
100.0286749714824
100.0286239914824
100.02857301148241
100.0285220314824
100.0284710514824
100.0284200714824
100.0283690914824
100.0283181114824
100.02826713148241
100.0282161514824
100.0281651714824
100.0281141914824
100.0280632114824
100.0280122314824
100.0279612514824
100.0279102714824
100.0278592914824
100.0278083114824
100.0277573314824
100.02770635148241
100.0276553714824
100.0276043914824
100.0275534114824
100.0275024314824
100.0274514514824
100.02740047148241
100.0273494914824
100.0272985114824
100.0272475314824
100.0271965514824
100.02714557148241
100.0270945914824
100.0270436114824
100.0269926314824
100.0269416514824
100.0268906714824
100.02683969148241
100.0267887114824
100.0267377314824
100.0266867514824
100.0266357714824
100.0265847914824
100.02653381148241
100.0264828314824
100.0264318514824
100.0263808714824
100.0263298914824
100.02627891148241
100.0262279314824
100.0261769514824
100.0261259714824
100.0260749914824
100.0260240114824
100.02597303148241
100.0259220514824
100.0258710714824
100.0258200914824
100.0257691114824
100.0257181314824
100.02566715148241
100.0256161714824
100.0255651914824
100.0255142114824
100.0254632314824
100.02541225148241
100.0253612714824
100.0253102914824
100.0252593114824
100.0252083314824
100.0251573514824
100.02510637148241
100.0250553914824
100.0250044114824
100.0249534314824
100.0249024514824
100.0248514714824
100.0248004914824
100.0336615245316
100.04252168597449
100.05138097588652
100.06023939434333
100.06018841434327
100.06013743434326
100.06008645434326
100.06003547434327
100.05998449434327
100.05993351434327
100.05988253434327
100.05983155434326
100.05978057434326
100.05972959434327
100.05967861434327
100.05962763434327
100.05957665434326
100.05952567434326
100.05947469434327
100.05942371434327
100.05937273434327
100.05932175434327
100.05927077434326
100.05921979434326
100.05916881434327
100.05911783434327
100.05906685434327
100.05901587434327
100.05896489434326
100.05891391434326
100.05886293434327
100.05881195434327
100.05876097434327
100.05870999434326
100.05865901434326
100.05860803434327
100.05855705434327
100.05850607434327
100.05845509434327
100.05840411434326
100.05835313434326
100.05830215434327
100.05825117434327
100.05820019434327
100.05814921434327
100.05809823434326
100.05804725434326
100.05799627434327
100.05794529434327
100.05789431434327
100.05784333434326
100.05779235434326
100.05774137434327
100.05769039434327
100.05763941434327
100.05758843434327
100.05753745434326
100.05748647434326
100.05743549434327
100.05738451434327
100.05733353434327
100.05728255434326
100.05723157434326
100.05718059434327
100.05712961434327
100.05707863434327
100.05702765434327
100.05697667434326
100.05692569434326
100.05687471434327
100.05682373434327
100.05677275434327
100.05672177434327
100.05667079434326
100.05661981434326
100.05656883434327
100.05651785434327
100.05646687434327
100.05641589434326
100.05636491434326
100.05631393434327
100.05626295434327
100.05621197434327
100.05616099434327
100.05611001434326
100.05605903434326
100.05600805434327
100.05595707434327
100.05590609434327
100.05585511434327
100.05580413434326
100.05575315434326
100.05570217434327
100.05565119434327
100.05560021434327
100.05554923434326
100.05549825434326
100.05544727434327
100.05539629434327
100.05534531434327
100.05529433434327
100.05524335434326
100.05519237434326
100.05514139434327
100.05509041434327
100.06394796142021
100.07280463719296
100.08166044173657
100.09051537512686
100.09046439512686
100.09041341512686
100.09036243512686
100.09031145512685
100.09026047512685
100.09020949512686
100.09015851512686
100.09010753512686
100.09005655512686
100.09000557512685
100.08995459512685
100.08990361512686
100.08985263512686
100.08980165512686
100.08975067512687
100.08969969512685
100.08964871512686
100.08959773512686
100.08954675512686
100.08949577512686
100.08944479512685
100.08939381512685
100.08934283512686
100.08929185512686
100.08924087512686
100.08918989512686
100.08913891512685
100.08908793512686
100.08903695512686
100.08898597512686
100.08893499512686
100.08888401512685
100.08883303512685
100.08878205512686
100.08873107512686
100.08868009512686
100.08862911512686
100.08857813512685
100.08852715512685
100.08847617512686
100.08842519512686
100.08837421512686
100.08832323512686
100.08827225512685
100.08822127512686
100.08817029512686
100.08811931512686
100.08806833512686
100.08801735512685
100.08796637512685
100.08791539512686
100.08786441512686
100.08781343512686
100.08776245512686
100.08771147512685
100.08766049512685
100.08760951512686
100.08755853512686
100.08750755512686
100.08745657512686
100.08740559512685
100.08735461512686
100.08730363512686
100.08725265512686
100.08720167512686
100.08715069512685
100.08709971512685
100.08704873512686
100.08699775512686
100.08694677512686
100.08689579512686
100.08684481512685
100.08679383512685
100.08674285512686
100.08669187512686
100.08664089512686
100.08658991512686
100.08653893512685
100.08648795512686
100.08643697512686
100.08638599512686
100.08633501512686
100.08628403512685
100.08623305512685
100.08618207512686
100.08613109512686
100.08608011512686
100.08602913512686
100.08597815512685
100.08592717512686
100.08587619512686
100.08582521512686
100.08577423512686
100.08572325512685
100.08567227512685
100.08562129512686
100.08557031512686
100.08551933512686
100.08546835512686
100.08541737512685
100.08536639512685
100.09422045743928
100.103073648749
100.11192596913158
100.12077741866234
100.12072643866227
100.12067545866228
100.12062447866228
100.12057349866228
100.12052251866228
100.12047153866227
100.12042055866227
100.12036957866228
100.12031859866228
100.12026761866228
100.12021663866228
100.12016565866227
100.12011467866228
100.12006369866228
100.12001271866228
100.11996173866228
100.11991075866229
100.11985977866227
100.11980879866228
100.11975781866228
100.11970683866228
100.11965585866228
100.11960487866227
100.11955389866228
100.11950291866228
100.11945193866228
100.11940095866228
100.11934997866229
100.11929899866227
100.11924801866228
100.11919703866228
100.11914605866228
100.11909507866228
100.11904409866229
100.11899311866227
100.11894213866228
100.11889115866228
100.11884017866228
100.11878919866228
100.11873821866227
100.11868723866228
100.11863625866228
100.11858527866228
100.11853429866228
100.11848331866229
100.11843233866227
100.11838135866228
100.11833037866228
100.11827939866228
100.11822841866228
100.11817743866227
100.11812645866227
100.11807547866228
100.11802449866228
100.11797351866228
100.11792253866228
100.11787155866227
100.11782057866228
100.11776959866228
100.11771861866228
100.11766763866228
100.11761665866229
100.11756567866227
100.11751469866228
100.11746371866228
100.11741273866228
100.11736175866228
100.11731077866227
100.11725979866227
100.11720881866228
100.11715783866228
100.11710685866228
100.11705587866228
100.11700489866227
100.11695391866228
100.11690293866228
100.11685195866228
100.11680097866228
100.11674999866229
100.11669901866227
100.11664803866228
100.11659705866228
100.11654607866228
100.11649509866228
100.11644411866227
100.11639313866227
100.11634215866228
100.11629117866228
100.11624019866228
100.11618921866229
100.11613823866227
100.11608725866228
100.11603627866228
100.11598529866228
100.11593431866228
100.11588333866229
100.11583235866227
100.11578137866228
100.11573039866228
100.11567941866228
100.11562843866228
100.12447901741653
100.13332872546958
100.14217756289692
100.15102552977372
100.15097454977375
100.15092356977375
100.15087258977374
100.15082160977374
100.15077062977375
100.15071964977375
100.15066866977375
100.15061768977375
100.15056670977374
100.15051572977374
100.15046474977375
100.15041376977375
100.15036278977375
100.15031180977374
100.15026082977374
100.15020984977374
100.15015886977375
100.15010788977375
100.15005690977375
100.15000592977374
100.14995494977374
